,index,fixed acidity,volatile acidity,citric acid,residual sugar,chlorides,free sulfur dioxide,total sulfur dioxide,density,pH,sulphates,alcohol
0,5197,5.8,0.2,0.24,1.4,0.033,65.0,169.0,0.99043,3.59,0.56,12.3
1,5198,6.6,0.39,0.38,9.7,0.053,49.0,226.0,0.99787,3.3,0.57,9.4
2,5199,6.8,0.12,0.3,12.9,0.049,32.0,88.0,0.99654,3.2,0.35,9.9
3,5200,6.6,0.295,0.24,1.6,0.039,29.0,140.0,0.99304,3.35,0.61,10.4
4,5201,6.6,0.26,0.24,7.2,0.038,28.0,137.0,0.9952,3.35,0.6,10.4
5,5202,7.0,0.32,0.27,7.1,0.027000000000000003,37.0,122.0,0.99165,3.15,0.6,12.6
6,5203,7.4,0.36,0.23,1.9,0.017,31.0,69.0,0.9892,2.93,0.36,12.5
7,5204,6.7,0.35,0.48,8.8,0.056,35.0,167.0,0.99628,3.04,0.47,9.4
8,5205,6.4,0.38,0.24,7.2,0.047,41.0,151.0,0.99604,3.11,0.6,9.2
9,5206,6.8,0.14,0.18,1.4,0.047,30.0,90.0,0.99164,3.27,0.54,11.2
10,5207,7.0,0.16,0.25,14.3,0.044,27.0,149.0,0.998,2.91,0.46,9.2
11,5208,7.0,0.16,0.25,14.3,0.044,27.0,149.0,0.998,2.91,0.46,9.2
12,5209,6.7,0.35,0.48,8.8,0.056,35.0,167.0,0.99628,3.04,0.47,9.4
13,5210,6.8,0.14,0.18,1.4,0.047,30.0,90.0,0.99164,3.27,0.54,11.2
14,5211,6.8,0.16,0.18,1.8,0.046,31.0,114.0,0.99226,3.27,0.55,10.8
15,5212,7.0,0.16,0.25,14.3,0.044,27.0,149.0,0.998,2.91,0.46,9.2
16,5213,6.4,0.38,0.24,7.2,0.047,41.0,151.0,0.99604,3.11,0.6,9.2
17,5214,7.2,0.24,0.3,1.2,0.037000000000000005,11.0,95.0,0.98914,2.96,0.36,12.5
18,5215,7.7,0.32,0.61,11.8,0.041,66.0,188.0,0.99794,3.0,0.54,9.3
19,5216,7.0,0.29,0.33,0.9,0.041,20.0,117.0,0.99048,3.21,0.5,11.4
20,5217,7.1,0.27,0.24,12.6,0.044,48.0,118.0,0.99726,3.04,0.56,10.0
21,5218,6.8,0.45,0.28,26.05,0.031,27.0,122.0,1.00295,3.06,0.42,10.6
22,5219,6.3,0.2,0.26,4.7,0.04,108.0,168.0,0.99278,3.07,0.75,10.7
23,5220,7.1,0.27,0.24,12.6,0.044,48.0,118.0,0.99726,3.04,0.56,10.0
24,5221,7.2,0.24,0.3,1.2,0.037000000000000005,11.0,95.0,0.98914,2.96,0.36,12.5
25,5222,6.8,0.45,0.28,26.05,0.031,27.0,122.0,1.00295,3.06,0.42,10.6
26,5223,6.6,0.36,0.28,6.1,0.029,12.0,93.0,0.99054,3.19,0.27,12.8
27,5224,7.7,0.32,0.61,11.8,0.041,66.0,188.0,0.99794,3.0,0.54,9.3
28,5225,7.0,0.29,0.33,0.9,0.041,20.0,117.0,0.99048,3.21,0.5,11.4
29,5226,6.4,0.37,0.2,5.6,0.117,61.0,183.0,0.99459,3.24,0.43,9.5
30,5227,6.4,0.38,0.2,5.3,0.117,57.0,181.0,0.99459,3.24,0.43,9.5
31,5228,6.4,0.36,0.2,5.7,0.118,61.0,172.0,0.9946,3.24,0.43,9.5
32,5229,6.6,0.3,0.25,8.0,0.036000000000000004,21.0,124.0,0.99362,3.06,0.38,10.8
33,5230,6.6,0.3,0.25,8.0,0.036000000000000004,21.0,124.0,0.99362,3.06,0.38,10.8
34,5231,6.5,0.21,0.51,17.6,0.045,34.0,125.0,0.99966,3.2,0.47,8.8
35,5232,6.6,0.3,0.25,8.0,0.036000000000000004,21.0,124.0,0.99362,3.06,0.38,10.8
36,5233,7.6,0.31,0.27,8.8,0.021,57.0,156.0,0.99442,3.08,0.38,11.0
37,5234,5.8,0.58,0.0,1.5,0.02,33.0,96.0,0.98918,3.29,0.38,12.4
38,5235,6.5,0.26,0.39,1.4,0.02,12.0,66.0,0.99089,3.25,0.75,11.3
39,5236,8.7,0.3,0.34,4.8,0.018000000000000002,23.0,127.0,0.99474,3.12,0.49,11.2
40,5237,6.4,0.29,0.32,2.4,0.014,34.0,89.0,0.99008,3.24,0.66,12.5
41,5238,6.7,0.13,0.32,3.7,0.017,32.0,99.0,0.99348,3.12,0.44,10.0
42,5239,6.8,0.19,0.33,4.9,0.047,42.0,130.0,0.99283,3.12,0.56,11.0
43,5240,6.0,0.25,0.4,5.7,0.052000000000000005,56.0,152.0,0.99398,3.16,0.88,10.5
44,5241,6.0,0.25,0.4,5.7,0.052000000000000005,56.0,152.0,0.99398,3.16,0.88,10.5
45,5242,6.8,0.19,0.33,4.9,0.047,42.0,130.0,0.99283,3.12,0.56,11.0
46,5243,6.4,0.24,0.23,2.0,0.046,30.0,133.0,0.9908,3.12,0.54,11.4
47,5244,5.9,0.18,0.28,5.1,0.039,50.0,139.0,0.99165,3.16,0.44,11.3
48,5245,7.2,0.33,0.22,4.5,0.031,10.0,73.0,0.99076,2.97,0.52,12.2
49,5246,6.4,0.29,0.24,3.2,0.037000000000000005,31.0,95.0,0.98942,2.9,0.66,12.6
50,5247,7.3,0.31,0.25,6.65,0.032,30.0,138.0,0.99244,2.9,0.37,11.1
51,5248,7.0,0.29,0.37,1.6,0.035,34.0,126.0,0.99058,3.26,0.47,12.3
52,5249,6.9,0.19,0.6,4.0,0.037000000000000005,6.0,122.0,0.99255,2.92,0.59,10.4
53,5250,6.3,0.32,0.17,17.75,0.06,51.0,190.0,0.99916,3.13,0.48,8.8
54,5251,6.6,0.085,0.33,1.4,0.036000000000000004,17.0,109.0,0.99306,3.27,0.61,9.5
55,5252,6.3,0.32,0.17,17.75,0.06,51.0,190.0,0.99916,3.13,0.48,8.8
56,5253,6.8,0.18,0.32,7.2,0.047,17.0,109.0,0.99498,3.42,0.44,10.4
57,5254,6.8,0.52,0.26,5.7,0.038,27.0,130.0,0.99,3.11,0.27,13.0
58,5255,7.1,0.28,0.28,8.5,0.03,25.0,191.0,0.99338,3.16,0.46,12.2
59,5256,5.7,0.15,0.47,11.4,0.035,49.0,128.0,0.99456,3.03,0.34,10.5
60,5257,5.8,0.275,0.3,5.4,0.043,41.0,149.0,0.9926,3.33,0.42,10.8
61,5258,5.4,0.53,0.16,2.7,0.036000000000000004,34.0,128.0,0.98856,3.2,0.53,13.2
62,5259,5.8,0.32,0.28,4.3,0.032,46.0,115.0,0.98946,3.16,0.57,13.0
63,5260,6.7,0.22,0.39,1.2,0.049,26.0,152.0,0.99346,3.5,0.47,10.0
64,5261,6.1,0.6,0.12,1.8,0.05,11.0,76.0,0.99268,3.42,0.48,10.4
65,5262,6.5,0.26,0.31,1.3,0.034,59.0,145.0,0.98944,3.16,0.54,12.4
66,5263,5.0,0.29,0.54,5.7,0.035,54.0,155.0,0.98976,3.27,0.34,12.9
67,5264,5.4,0.53,0.16,2.7,0.036000000000000004,34.0,128.0,0.98856,3.2,0.53,13.2
68,5265,6.8,0.21,0.26,11.7,0.038,61.0,152.0,0.99523,3.02,0.56,10.5
69,5266,5.8,0.32,0.28,4.3,0.032,46.0,115.0,0.98946,3.16,0.57,13.0
70,5267,6.5,0.27,0.26,11.0,0.03,2.0,82.0,0.99402,3.07,0.36,11.2
71,5268,5.9,0.37,0.32,1.6,0.029,41.0,102.0,0.98916,3.41,0.55,12.7
72,5269,6.2,0.21,0.18,11.6,0.044,61.0,155.0,0.99655,3.14,0.52,9.4
73,5270,6.8,0.3,0.29,6.2,0.025,29.0,95.0,0.99071,3.03,0.32,12.9
74,5271,7.3,0.41,0.29,1.8,0.032,26.0,74.0,0.98889,2.96,0.35,13.0
75,5272,5.4,0.3,0.3,1.2,0.029,25.0,93.0,0.98742,3.31,0.4,13.6
76,5273,6.6,0.34,0.2,1.0,0.053,26.0,112.0,0.99336,3.32,0.55,9.1
77,5274,5.6,0.25,0.19,2.4,0.049,42.0,166.0,0.992,3.25,0.43,10.4
78,5275,5.3,0.3,0.3,1.2,0.029,25.0,93.0,0.98742,3.31,0.4,13.6
79,5276,6.9,0.58,0.58,8.2,0.032,29.0,169.0,0.99275,3.28,0.44,12.2
80,5277,7.2,0.23,0.25,18.8,0.085,19.0,111.0,1.00044,3.1,0.51,8.7
81,5278,7.1,0.2,0.27,9.6,0.037000000000000005,19.0,105.0,0.99444,3.04,0.37,10.5
82,5279,6.8,0.15,0.41,12.9,0.044,79.5,183.0,0.99742,3.24,0.78,10.2
83,5280,7.0,0.22,0.26,9.2,0.027000000000000003,37.0,122.0,0.99228,3.06,0.34,12.5
84,5281,6.4,0.16,0.44,1.2,0.051,39.0,122.0,0.99058,3.11,0.75,11.3
85,5282,6.8,0.15,0.41,12.9,0.044,79.5,183.0,0.99742,3.24,0.78,10.2
86,5283,6.8,0.31,0.3,8.0,0.028,33.0,122.0,0.99164,3.13,0.63,12.6
87,5284,6.8,0.15,0.41,12.9,0.044,79.5,183.0,0.99742,3.24,0.78,10.2
88,5285,7.6,0.3,0.37,1.6,0.087,27.0,177.0,0.99438,3.09,0.5,9.8
89,5286,6.0,0.16,0.27,12.0,0.03,39.0,98.0,0.99402,3.15,0.34,10.8
90,5287,7.1,0.21,0.35,2.5,0.04,41.0,186.0,0.99128,3.32,0.56,12.5
91,5288,7.0,0.22,0.26,9.2,0.027000000000000003,37.0,122.0,0.99228,3.06,0.34,12.5
92,5289,5.6,0.21,0.24,4.4,0.027000000000000003,37.0,150.0,0.991,3.3,0.31,11.5
93,5290,7.4,0.22,0.26,8.8,0.027000000000000003,23.0,112.0,0.9931,2.98,0.41,11.4
94,5291,7.1,0.2,0.27,9.6,0.037000000000000005,19.0,105.0,0.99444,3.04,0.37,10.5
95,5292,6.8,0.31,0.3,8.0,0.028,33.0,122.0,0.99164,3.13,0.63,12.6
96,5293,7.2,0.23,0.25,18.8,0.085,19.0,111.0,1.00044,3.1,0.51,8.7
97,5294,6.4,0.15,0.4,1.3,0.053,61.0,146.0,0.99112,3.17,0.68,11.0
98,5295,6.4,0.16,0.44,1.2,0.051,39.0,122.0,0.99058,3.11,0.75,11.3
99,5296,6.8,0.15,0.41,12.9,0.044,79.5,182.0,0.99742,3.24,0.78,10.2
100,5297,6.3,0.22,0.34,1.2,0.036000000000000004,32.0,96.0,0.98961,3.06,0.74,11.6
101,5298,7.6,0.3,0.37,1.6,0.087,27.0,177.0,0.99438,3.09,0.5,9.8
102,5299,7.0,0.3,0.27,1.5,0.076,24.0,145.0,0.99344,3.1,0.52,10.1
103,5300,6.6,0.26,0.22,18.15,0.05,23.0,139.0,0.99904,3.06,0.5,9.2
104,5301,7.5,0.24,0.31,13.1,0.05,26.0,180.0,0.99884,3.05,0.53,9.1
105,5302,7.5,0.24,0.31,13.1,0.05,26.0,180.0,0.99884,3.05,0.53,9.1
106,5303,7.5,0.24,0.31,13.1,0.05,26.0,180.0,0.99884,3.05,0.53,9.1
107,5304,7.5,0.24,0.31,13.1,0.05,26.0,180.0,0.99884,3.05,0.53,9.1
108,5305,6.6,0.15,0.34,1.0,0.037000000000000005,45.0,79.0,0.98949,2.96,0.5,11.7
109,5306,6.7,0.34,0.43,1.6,0.041,29.0,114.0,0.99014,3.23,0.44,12.6
110,5307,7.7,0.35,0.46,11.8,0.08800000000000001,61.0,183.0,0.99786,2.86,0.47,9.0
111,5308,6.7,0.31,0.09,1.4,0.039,53.0,141.0,0.99206,3.12,0.44,10.1
112,5309,4.7,0.67,0.09,1.0,0.02,5.0,9.0,0.98722,3.3,0.34,13.6
113,5310,7.5,0.24,0.31,13.1,0.05,26.0,180.0,0.99884,3.05,0.53,9.1
114,5311,6.3,0.2,0.18,10.6,0.045,57.0,159.0,0.99666,3.09,0.54,9.2
115,5312,6.6,0.28,0.23,10.4,0.049,45.0,190.0,0.99754,3.12,0.51,8.8
116,5313,8.5,0.18,0.3,1.1,0.028,34.0,95.0,0.99272,2.83,0.36,10.0
117,5314,6.5,0.35,0.38,7.4,0.036000000000000004,20.0,196.0,0.99712,3.47,0.48,9.1
118,5315,6.8,0.22,0.26,1.2,0.041,29.0,182.0,0.99104,3.04,0.35,11.2
119,5316,6.3,0.18,0.24,3.4,0.053,20.0,119.0,0.99373,3.11,0.52,9.2
120,5317,6.6,0.26,0.22,18.15,0.05,23.0,139.0,0.99904,3.06,0.5,9.2
121,5318,6.6,0.3,0.45,8.0,0.038,54.0,200.0,0.9956,3.18,0.48,9.5
122,5319,6.3,0.34,0.27,2.5,0.024,40.0,152.0,0.99095,3.35,0.6,11.9
123,5320,7.7,0.3,0.23,2.0,0.068,28.0,138.0,0.99382,3.11,0.62,9.8
124,5321,7.7,0.31,0.23,2.0,0.069,29.0,134.0,0.99382,3.11,0.62,9.8
125,5322,5.7,0.265,0.28,6.9,0.036000000000000004,46.0,150.0,0.99299,3.36,0.44,10.8
126,5323,5.4,0.255,0.33,1.2,0.051,29.0,122.0,0.99048,3.37,0.66,11.3
127,5324,6.6,0.26,0.28,9.4,0.028,13.0,121.0,0.99254,3.17,0.34,12.1
128,5325,4.8,0.17,0.28,2.9,0.03,22.0,111.0,0.9902,3.38,0.34,11.3
129,5326,5.7,0.265,0.28,6.9,0.036000000000000004,46.0,150.0,0.99299,3.36,0.44,10.8
130,5327,6.2,0.2,0.33,5.4,0.028,21.0,75.0,0.99012,3.36,0.41,13.5
131,5328,7.5,0.28,0.41,1.3,0.044,11.0,126.0,0.99293,3.28,0.45,10.3
132,5329,6.2,0.22,0.2,20.8,0.035,58.0,184.0,1.00022,3.11,0.53,9.0
133,5330,7.0,0.34,0.26,10.3,0.041,51.0,166.0,0.99382,3.08,0.35,11.6
134,5331,7.5,0.28,0.41,1.3,0.044,11.0,126.0,0.99293,3.28,0.45,10.3
135,5332,6.5,0.19,0.34,1.6,0.029,39.0,116.0,0.98954,3.21,0.68,12.5
136,5333,6.0,0.21,0.29,13.1,0.042,28.0,125.0,0.99936,3.39,0.45,8.6
137,5334,6.1,0.22,0.46,1.8,0.16,34.0,74.0,0.9884,3.19,0.33,13.4
138,5335,6.5,0.32,0.48,8.0,0.026,18.0,88.0,0.99144,3.22,0.79,12.7
139,5336,7.1,0.21,0.72,1.6,0.16699999999999998,65.0,120.0,0.99324,2.97,0.51,9.2
140,5337,5.6,0.26,0.18,1.4,0.034,18.0,135.0,0.99174,3.32,0.35,10.2
141,5338,7.0,0.15,0.28,14.7,0.051,29.0,149.0,0.99792,2.96,0.39,9.0
142,5339,7.0,0.15,0.28,14.7,0.051,29.0,149.0,0.99792,2.96,0.39,9.0
143,5340,7.0,0.15,0.28,14.7,0.051,29.0,149.0,0.99792,2.96,0.39,9.0
144,5341,7.0,0.15,0.28,14.7,0.051,29.0,149.0,0.99792,2.96,0.39,9.0
145,5342,7.0,0.15,0.28,14.7,0.051,29.0,149.0,0.99792,2.96,0.39,9.0
146,5343,7.0,0.15,0.28,14.7,0.051,29.0,149.0,0.99792,2.96,0.39,9.0
147,5344,7.0,0.15,0.28,14.7,0.051,29.0,149.0,0.99792,2.96,0.39,9.0
148,5345,7.4,0.27,0.28,1.8,0.04,45.0,121.0,0.99043,3.02,0.4,11.9
149,5346,6.8,0.22,0.3,10.6,0.07,67.0,194.0,0.99654,2.89,0.42,9.0
150,5347,6.2,0.24,0.25,12.5,0.055,47.0,134.0,0.99758,3.3,0.51,9.0
151,5348,6.3,0.28,0.29,6.8,0.051,40.0,143.0,0.99374,3.43,0.59,11.0
152,5349,7.0,0.15,0.28,14.7,0.051,29.0,149.0,0.99792,2.96,0.39,9.0
153,5350,5.5,0.17,0.23,2.9,0.039,10.0,108.0,0.99243,3.28,0.5,10.0
154,5351,6.5,0.26,0.34,1.4,0.04,25.0,184.0,0.99216,3.29,0.46,10.7
155,5352,6.6,0.27,0.33,1.4,0.042,24.0,183.0,0.99215,3.29,0.46,10.7
156,5353,5.4,0.46,0.15,2.1,0.026,29.0,130.0,0.98953,3.39,0.77,13.4
157,5354,7.8,0.19,0.32,7.4,0.015,47.0,124.0,0.99278,2.99,0.39,11.0
158,5355,5.5,0.17,0.23,2.9,0.039,10.0,108.0,0.99243,3.28,0.5,10.0
159,5356,6.5,0.26,0.34,1.4,0.04,25.0,184.0,0.99216,3.29,0.46,10.7
160,5357,6.6,0.27,0.33,1.4,0.042,24.0,183.0,0.99215,3.29,0.46,10.7
161,5358,7.8,0.19,0.32,7.4,0.015,47.0,124.0,0.99278,2.99,0.39,11.0
162,5359,7.8,0.2,0.32,5.0,0.016,31.0,101.0,0.99186,2.99,0.39,11.0
163,5360,6.1,0.17,0.28,2.5,0.028,22.0,98.0,0.99072,3.16,0.37,11.1
164,5361,7.4,0.2,0.35,6.1,0.025,10.0,40.0,0.99244,2.79,0.52,10.9
165,5362,6.7,0.39,0.24,2.7,0.017,22.0,80.0,0.99084,3.03,0.37,11.5
166,5363,5.4,0.46,0.15,2.1,0.026,29.0,130.0,0.98953,3.39,0.77,13.4
167,5364,6.9,0.4,0.17,12.9,0.033,59.0,186.0,0.99754,3.08,0.49,9.4
168,5365,6.9,0.4,0.17,12.9,0.033,59.0,186.0,0.99754,3.08,0.49,9.4
169,5366,6.9,0.4,0.17,12.9,0.033,59.0,186.0,0.99754,3.08,0.49,9.4
170,5367,6.3,0.24,0.29,13.7,0.035,53.0,134.0,0.99567,3.17,0.38,10.6
171,5368,6.9,0.4,0.17,12.9,0.033,59.0,186.0,0.99754,3.08,0.49,9.4
172,5369,7.4,0.27,0.31,2.4,0.014,15.0,143.0,0.99094,3.03,0.65,12.0
173,5370,6.1,0.27,0.28,9.8,0.042,61.0,125.0,0.99532,3.14,0.42,10.2
174,5371,6.3,0.24,0.29,13.7,0.035,53.0,134.0,0.99567,3.17,0.38,10.6
175,5372,5.0,0.61,0.12,1.3,0.009000000000000001,65.0,100.0,0.9874,3.26,0.37,13.5
176,5373,6.7,0.42,0.39,12.1,0.04,61.0,248.0,0.99794,3.31,0.58,9.7
177,5374,6.5,0.33,0.28,6.1,0.018000000000000002,41.0,103.0,0.99122,3.24,0.32,12.2
178,5375,6.9,0.33,0.31,7.7,0.04,29.0,135.0,0.99226,3.11,0.57,12.3
179,5376,6.5,0.33,0.28,6.1,0.018000000000000002,41.0,103.0,0.99122,3.24,0.32,12.2
180,5377,6.3,0.15,0.3,1.4,0.022,38.0,100.0,0.99099,3.42,0.57,11.4
181,5378,6.5,0.32,0.45,7.7,0.022,31.0,97.0,0.99134,3.2,0.7,12.7
182,5379,6.7,0.42,0.39,12.1,0.04,61.0,248.0,0.99794,3.31,0.58,9.7
183,5380,7.4,0.25,0.29,6.8,0.02,31.0,113.0,0.99338,3.13,0.29,10.8
184,5381,7.6,0.27,0.3,9.2,0.018000000000000002,23.0,96.0,0.9938,3.08,0.29,11.0
185,5382,6.4,0.27,0.45,8.3,0.05,52.0,196.0,0.9955,3.18,0.48,9.5
186,5383,6.5,0.25,0.27,17.4,0.064,29.0,140.0,0.99776,3.2,0.49,10.1
187,5384,5.6,0.19,0.31,2.7,0.027000000000000003,11.0,100.0,0.98964,3.46,0.4,13.2
188,5385,7.4,0.29,0.48,12.8,0.037000000000000005,61.5,182.0,0.99808,3.02,0.34,8.8
189,5386,6.4,0.34,0.44,8.2,0.043,54.0,201.0,0.99551,3.18,0.48,9.5
190,5387,6.6,0.27,0.52,8.1,0.044,53.0,202.0,0.99548,3.18,0.48,9.5
191,5388,6.6,0.26,0.52,8.2,0.047,52.0,191.0,0.99541,3.16,0.47,9.5
192,5389,6.4,0.27,0.45,8.3,0.05,52.0,196.0,0.9955,3.18,0.48,9.5
193,5390,6.5,0.26,0.5,8.0,0.051,46.0,197.0,0.99536,3.18,0.47,9.5
194,5391,6.8,0.25,0.3,11.8,0.043,53.0,133.0,0.99524,3.03,0.58,10.4
195,5392,6.3,0.32,0.26,12.0,0.049,63.0,170.0,0.9961,3.14,0.55,9.9
196,5393,5.5,0.24,0.45,1.7,0.046,22.0,113.0,0.99224,3.22,0.48,10.0
197,5394,6.5,0.25,0.27,17.4,0.064,29.0,140.0,0.99776,3.2,0.49,10.1
198,5395,6.6,0.13,0.29,13.9,0.056,33.0,95.0,0.99702,3.17,0.39,9.4
199,5396,7.0,0.39,0.21,10.7,0.098,13.0,91.0,0.99657,3.03,0.47,9.3
200,5397,7.9,0.21,0.39,2.0,0.057,21.0,138.0,0.99176,3.05,0.52,10.9
201,5398,7.0,0.3,0.28,2.2,0.042,21.0,177.0,0.99166,3.2,0.57,11.4
202,5399,8.1,0.2,0.3,1.3,0.036000000000000004,7.0,49.0,0.99242,2.99,0.73,10.3
203,5400,8.3,0.18,0.3,1.1,0.033,20.0,57.0,0.99109,3.02,0.51,11.0
204,5401,7.9,0.21,0.39,2.0,0.057,21.0,138.0,0.99176,3.05,0.52,10.9
205,5402,7.2,0.17,0.34,6.4,0.042,16.0,111.0,0.99278,2.99,0.4,10.8
206,5403,8.1,0.2,0.3,1.3,0.036000000000000004,7.0,49.0,0.99242,2.99,0.73,10.3
207,5404,8.3,0.18,0.3,1.1,0.033,20.0,57.0,0.99109,3.02,0.51,11.0
208,5405,7.0,0.39,0.21,10.7,0.098,13.0,91.0,0.99657,3.03,0.47,9.3
209,5406,6.8,0.21,0.62,6.4,0.041,7.0,113.0,0.99358,2.96,0.59,10.2
210,5407,6.9,0.21,0.62,6.3,0.042,7.0,109.0,0.99358,2.96,0.59,10.2
211,5408,7.2,0.17,0.34,6.4,0.042,16.0,111.0,0.99278,2.99,0.4,10.8
212,5409,6.8,0.26,0.34,15.1,0.06,42.0,162.0,0.99705,3.24,0.52,10.5
213,5410,7.2,0.28,0.38,2.0,0.052000000000000005,23.0,156.0,0.9912,3.13,0.52,11.1
214,5411,7.9,0.21,0.39,2.0,0.057,21.0,138.0,0.99176,3.05,0.52,10.9
215,5412,7.0,0.3,0.28,2.2,0.042,21.0,177.0,0.99166,3.2,0.57,11.4
216,5413,7.4,0.34,0.28,12.1,0.049,31.0,149.0,0.99677,3.22,0.49,10.3
217,5414,6.3,0.43,0.32,8.8,0.042,18.0,106.0,0.99172,3.28,0.33,12.9
218,5415,6.8,0.41,0.3,8.8,0.045,28.0,131.0,0.9953,3.12,0.59,9.9
219,5416,6.3,0.4,0.24,5.1,0.036000000000000004,43.0,131.0,0.99186,3.24,0.44,11.3
220,5417,5.1,0.35,0.26,6.8,0.034,36.0,120.0,0.99188,3.38,0.4,11.5
221,5418,5.1,0.35,0.26,6.8,0.034,36.0,120.0,0.99188,3.38,0.4,11.5
222,5419,6.3,0.3,0.2,3.7,0.039,34.0,132.0,0.99158,3.0,0.38,10.7
223,5420,6.9,0.28,0.28,12.2,0.042,52.0,139.0,0.99522,3.03,0.56,10.4
224,5421,7.0,0.33,0.28,5.7,0.033,39.0,204.0,0.99176,3.17,0.64,12.5
225,5422,6.7,0.26,0.49,8.1,0.052000000000000005,48.0,197.0,0.99558,3.19,0.48,9.5
226,5423,7.3,0.24,0.3,2.5,0.042,31.0,104.0,0.9911,3.05,0.56,11.3
227,5424,6.7,0.46,0.21,4.0,0.034,12.0,88.0,0.99016,3.26,0.54,13.0
228,5425,5.1,0.35,0.26,6.8,0.034,36.0,120.0,0.99188,3.38,0.4,11.5
229,5426,5.1,0.23,0.18,1.0,0.053,13.0,99.0,0.98956,3.22,0.39,11.5
230,5427,6.3,0.4,0.24,5.1,0.036000000000000004,43.0,131.0,0.99186,3.24,0.44,11.3
231,5428,7.1,0.44,0.23,5.8,0.035,24.0,100.0,0.99062,3.15,0.57,13.2
232,5429,4.8,0.26,0.23,10.6,0.034,23.0,111.0,0.99274,3.46,0.28,11.5
233,5430,6.8,0.31,0.19,3.5,0.086,30.0,130.0,0.993,2.83,0.44,9.6
234,5431,6.8,0.31,0.19,3.5,0.086,30.0,130.0,0.993,2.83,0.44,9.6
235,5432,7.0,0.15,0.29,16.4,0.058,45.0,110.0,0.9978,3.15,0.37,9.7
236,5433,6.5,0.41,0.22,4.8,0.052000000000000005,49.0,142.0,0.9946,3.14,0.62,9.2
237,5434,6.2,0.31,0.23,3.3,0.052000000000000005,34.0,113.0,0.99429,3.16,0.48,8.4
238,5435,8.0,0.27,0.33,1.2,0.05,41.0,103.0,0.99002,3.0,0.45,12.4
239,5436,8.0,0.27,0.33,1.2,0.05,41.0,103.0,0.99002,3.0,0.45,12.4
240,5437,6.5,0.41,0.22,4.8,0.052000000000000005,49.0,142.0,0.9946,3.14,0.62,9.2
241,5438,6.2,0.31,0.23,3.3,0.052000000000000005,34.0,113.0,0.99429,3.16,0.48,8.4
242,5439,6.7,0.37,0.25,2.5,0.028,24.0,84.0,0.9909,3.14,0.36,11.7
243,5440,6.6,0.21,0.5,8.7,0.036000000000000004,41.0,191.0,0.99294,2.96,0.56,11.0
244,5441,7.5,0.26,0.31,1.6,0.032,36.0,109.0,0.99044,2.97,0.43,11.9
245,5442,7.5,0.34,0.28,4.0,0.028,46.0,100.0,0.98958,3.2,0.5,13.2
246,5443,6.7,0.37,0.25,2.5,0.028,24.0,84.0,0.9909,3.14,0.36,11.7
247,5444,6.4,0.32,0.23,16.2,0.055,36.0,176.0,0.9986,3.26,0.54,9.1
248,5445,6.7,0.24,0.32,9.0,0.023,20.0,109.0,0.99262,3.34,0.35,12.6
249,5446,6.4,0.32,0.23,16.2,0.055,36.0,176.0,0.9986,3.26,0.54,9.1
250,5447,7.1,0.39,0.79,1.4,0.194,23.0,90.0,0.99212,3.17,0.46,10.5
251,5448,8.2,0.31,0.43,7.0,0.047,18.0,87.0,0.99628,3.23,0.64,10.6
252,5449,6.7,0.24,0.32,9.0,0.023,20.0,109.0,0.99262,3.34,0.35,12.6
253,5450,5.9,0.17,0.29,3.1,0.03,32.0,123.0,0.98913,3.41,0.33,13.7
254,5451,5.9,0.2,0.23,1.5,0.037000000000000005,38.0,93.0,0.99021,3.36,0.49,12.0
255,5452,6.6,0.32,0.26,4.6,0.031,26.0,120.0,0.99198,3.4,0.73,12.5
256,5453,5.9,0.12,0.27,4.8,0.03,40.0,110.0,0.99226,3.55,0.68,12.1
257,5454,5.9,0.18,0.29,4.6,0.032,68.0,137.0,0.99159,3.21,0.38,11.3
258,5455,5.9,0.2,0.23,1.5,0.037000000000000005,38.0,93.0,0.99021,3.36,0.49,12.0
259,5456,5.4,0.17,0.27,2.7,0.049,28.0,104.0,0.99224,3.46,0.55,10.3
260,5457,6.1,0.21,0.3,6.3,0.039,47.0,136.0,0.99068,3.27,0.31,12.7
261,5458,7.3,0.25,0.26,7.2,0.048,52.0,207.0,0.99587,3.12,0.37,9.2
262,5459,7.3,0.25,0.26,7.2,0.048,52.0,207.0,0.99587,3.12,0.37,9.2
263,5460,6.2,0.22,0.3,12.4,0.054000000000000006,108.0,152.0,0.99728,3.1,0.47,9.5
264,5461,6.5,0.27,0.19,6.6,0.045,98.0,175.0,0.99364,3.16,0.34,10.1
265,5462,6.5,0.27,0.19,6.6,0.045,98.0,175.0,0.99364,3.16,0.34,10.1
266,5463,6.6,0.39,0.22,4.0,0.038,17.0,98.0,0.99018,3.25,0.53,13.0
267,5464,6.0,0.31,0.38,4.8,0.04,41.0,101.0,0.98968,3.24,0.56,13.1
268,5465,8.4,0.23,0.32,1.3,0.048,59.0,113.0,0.99178,3.1,0.55,11.0
269,5466,7.3,0.25,0.26,7.2,0.048,52.0,207.0,0.99587,3.12,0.37,9.2
270,5467,6.0,0.22,0.25,11.1,0.056,112.0,177.0,0.9961,3.08,0.36,9.4
271,5468,6.2,0.22,0.3,12.4,0.054000000000000006,108.0,152.0,0.99728,3.1,0.47,9.5
272,5469,6.1,0.23,0.27,9.8,0.055,74.0,134.0,0.99534,3.16,0.4,10.2
273,5470,6.5,0.27,0.19,6.6,0.045,98.0,175.0,0.99364,3.16,0.34,10.1
274,5471,7.3,0.36,0.54,13.3,0.054000000000000006,63.0,193.0,0.99864,3.06,0.49,8.6
275,5472,7.6,0.37,0.51,11.7,0.094,58.0,181.0,0.99776,2.91,0.51,9.0
276,5473,6.7,0.26,0.51,8.0,0.062,50.0,194.0,0.99545,3.13,0.5,9.6
277,5474,7.4,0.22,0.27,1.6,0.057,45.0,98.0,0.99299,3.29,0.44,9.9
278,5475,6.1,0.22,0.28,16.55,0.059,54.0,135.0,0.99665,3.2,0.38,10.5
279,5476,7.1,0.28,0.31,1.5,0.053,20.0,98.0,0.99069,3.15,0.5,11.4
280,5477,6.5,0.35,0.31,10.2,0.069,58.0,170.0,0.99692,3.18,0.49,9.4
281,5478,6.8,0.73,0.2,6.6,0.054000000000000006,25.0,65.0,0.99324,3.12,0.28,11.1
282,5479,6.0,0.28,0.24,17.8,0.047,42.0,111.0,0.99896,3.1,0.45,8.9
283,5480,6.0,0.28,0.24,17.8,0.047,42.0,111.0,0.99896,3.1,0.45,8.9
284,5481,7.1,0.2,0.37,1.5,0.049,28.0,129.0,0.99226,3.15,0.52,10.8
285,5482,6.8,0.33,0.31,7.4,0.045,34.0,143.0,0.99226,3.06,0.55,12.2
286,5483,6.0,0.28,0.24,17.8,0.047,42.0,111.0,0.99896,3.1,0.45,8.9
287,5484,7.2,0.24,0.36,2.0,0.029,21.0,63.0,0.99076,3.13,0.63,12.5
288,5485,6.8,0.33,0.31,7.4,0.045,34.0,143.0,0.99226,3.06,0.55,12.2
289,5486,7.2,0.24,0.36,2.0,0.029,21.0,63.0,0.99076,3.13,0.63,12.5
290,5487,6.0,0.28,0.24,17.8,0.047,42.0,111.0,0.99896,3.1,0.45,8.9
291,5488,6.2,0.27,0.26,12.1,0.046,43.0,127.0,0.9951,3.16,0.37,10.8
292,5489,6.4,0.38,0.26,8.2,0.043,28.0,98.0,0.99234,2.99,0.31,11.4
293,5490,7.1,0.2,0.37,1.5,0.049,28.0,129.0,0.99226,3.15,0.52,10.8
294,5491,6.0,0.21,0.3,8.7,0.036000000000000004,47.0,127.0,0.99368,3.18,0.39,10.6
295,5492,7.0,0.34,0.1,3.5,0.044,17.0,63.0,0.9937,3.01,0.39,9.2
296,5493,5.9,0.435,0.16,6.4,0.031,21.0,134.0,0.99151,3.24,0.46,12.2
297,5494,7.0,0.25,0.33,2.1,0.021,17.0,76.0,0.99021,3.26,0.45,12.3
298,5495,6.7,0.26,0.29,7.7,0.038,40.0,179.0,0.99479,3.23,0.56,10.4
299,5496,7.0,0.24,0.3,12.3,0.035,72.0,172.0,0.9954,2.99,0.57,10.4
300,5497,8.5,0.23,0.34,1.3,0.035,54.0,110.0,0.99176,3.07,0.55,11.0
301,5498,6.0,0.21,0.3,8.7,0.036000000000000004,47.0,127.0,0.99368,3.18,0.39,10.6
302,5499,7.0,0.34,0.1,3.5,0.044,17.0,63.0,0.9937,3.01,0.39,9.2
303,5500,4.8,0.65,0.12,1.1,0.013,4.0,10.0,0.99246,3.32,0.36,13.5
304,5501,6.1,0.22,0.38,2.8,0.14400000000000002,12.0,65.0,0.9908,2.95,0.64,11.4
305,5502,5.8,0.27,0.26,3.5,0.071,26.0,69.0,0.98994,3.1,0.38,11.5
306,5503,5.0,0.455,0.18,1.9,0.036000000000000004,33.0,106.0,0.98746,3.21,0.83,14.0
307,5504,6.5,0.33,0.3,3.8,0.036000000000000004,34.0,88.0,0.99028,3.25,0.63,12.5
308,5505,6.5,0.33,0.3,3.8,0.036000000000000004,34.0,88.0,0.99028,3.25,0.63,12.5
309,5506,6.7,0.31,0.3,2.4,0.038,30.0,83.0,0.98867,3.09,0.36,12.8
310,5507,6.2,0.39,0.24,4.8,0.037000000000000005,45.0,138.0,0.99174,3.23,0.43,11.2
311,5508,6.2,0.39,0.24,4.8,0.037000000000000005,45.0,138.0,0.99174,3.23,0.43,11.2
312,5509,7.1,0.37,0.3,6.2,0.04,49.0,139.0,0.99021,3.17,0.27,13.6
313,5510,7.2,0.23,0.82,1.3,0.149,70.0,109.0,0.99304,2.93,0.42,9.2
314,5511,6.5,0.33,0.3,3.8,0.036000000000000004,34.0,88.0,0.99028,3.25,0.63,12.5
315,5512,7.2,0.25,0.32,1.5,0.054000000000000006,24.0,105.0,0.99154,3.17,0.48,11.1
316,5513,6.2,0.39,0.24,4.8,0.037000000000000005,45.0,138.0,0.99174,3.23,0.43,11.2
317,5514,4.7,0.455,0.18,1.9,0.036000000000000004,33.0,106.0,0.98746,3.21,0.83,14.0
318,5515,7.1,0.37,0.3,6.2,0.04,49.0,139.0,0.99021,3.17,0.27,13.6
319,5516,6.2,0.28,0.51,7.9,0.056,49.0,206.0,0.9956,3.18,0.52,9.4
320,5517,6.4,0.35,0.28,1.6,0.037000000000000005,31.0,113.0,0.98779,3.12,0.4,14.2
321,5518,6.6,0.31,0.28,1.4,0.035,28.0,107.0,0.98836,3.0,0.4,13.2
322,5519,7.4,0.25,0.37,2.6,0.05,24.0,132.0,0.99138,3.04,0.53,11.2
323,5520,7.3,0.36,0.34,14.8,0.057,46.0,173.0,0.99751,3.14,0.57,10.2
324,5521,6.7,0.31,0.3,2.4,0.038,30.0,83.0,0.98867,3.09,0.36,12.8
325,5522,8.6,0.31,0.3,0.9,0.045,16.0,109.0,0.99249,2.95,0.39,10.1
326,5523,8.6,0.31,0.3,0.9,0.045,16.0,109.0,0.99249,2.95,0.39,10.1
327,5524,8.6,0.22,0.33,1.2,0.031,38.0,95.0,0.99239,2.83,0.31,10.3
328,5525,6.9,0.14,0.29,9.9,0.056,30.0,91.0,0.99512,3.19,0.33,9.9
329,5526,6.5,0.22,0.31,3.9,0.046,17.0,106.0,0.99098,3.15,0.31,11.5
330,5527,6.6,0.32,0.47,15.6,0.063,27.0,173.0,0.99872,3.18,0.56,9.0
331,5528,6.6,0.32,0.47,15.6,0.063,27.0,173.0,0.99872,3.18,0.56,9.0
332,5529,6.1,0.28,0.26,1.5,0.03,25.0,101.0,0.98894,3.03,0.41,12.1
333,5530,6.2,0.3,0.28,1.6,0.036000000000000004,28.0,106.0,0.988245,3.14,0.41,13.3
334,5531,6.9,0.22,0.28,7.8,0.05,43.0,116.0,0.99326,3.22,0.6,11.5
335,5532,8.7,0.31,0.21,5.6,0.039,28.0,67.0,0.99328,2.96,0.52,11.0
336,5533,7.3,0.27,0.3,1.3,0.04,26.0,84.0,0.99222,3.28,0.53,10.7
337,5534,7.0,0.46,0.2,16.7,0.046,50.0,184.0,0.99898,3.08,0.56,9.4
338,5535,5.7,0.23,0.25,7.95,0.042,16.0,108.0,0.99486,3.44,0.61,10.3
339,5536,6.5,0.36,0.36,6.7,0.185,51.5,151.0,0.99528,3.17,0.42,9.3
340,5537,8.2,0.18,0.38,1.1,0.04,41.0,92.0,0.99062,2.88,0.6,12.0
341,5538,6.2,0.27,0.32,6.3,0.048,47.0,159.0,0.99282,3.21,0.6,11.0
342,5539,6.9,0.4,0.37,8.9,0.053,36.0,148.0,0.996,3.16,0.5,9.3
343,5540,4.9,0.345,0.34,1.0,0.068,32.0,143.0,0.99138,3.24,0.4,10.1
344,5541,7.2,0.23,0.39,1.5,0.053,26.0,106.0,0.99166,3.18,0.47,11.1
345,5542,6.4,0.2,0.15,6.6,0.046,26.0,113.0,0.99408,2.99,0.58,9.9
346,5543,6.1,0.27,0.32,6.2,0.048,47.0,161.0,0.99281,3.22,0.6,11.0
347,5544,6.2,0.27,0.32,6.3,0.048,47.0,159.0,0.99282,3.21,0.6,11.0
348,5545,6.0,0.3,0.33,2.1,0.042,31.0,127.0,0.98964,3.32,0.42,12.5
349,5546,6.1,0.3,0.32,2.2,0.042,41.0,142.0,0.98952,3.31,0.44,12.7
350,5547,5.7,0.14,0.3,5.4,0.045,26.0,105.0,0.99469,3.32,0.45,9.3
351,5548,6.9,0.4,0.37,8.9,0.053,36.0,148.0,0.996,3.16,0.5,9.3
352,5549,4.9,0.345,0.34,1.0,0.068,32.0,143.0,0.99138,3.24,0.4,10.1
353,5550,6.3,0.33,0.2,17.9,0.066,36.0,161.0,0.9991,3.14,0.51,8.8
354,5551,7.0,0.16,0.3,2.6,0.043,34.0,90.0,0.99047,2.88,0.47,11.2
355,5552,8.4,0.22,0.3,1.3,0.038,45.0,122.0,0.99178,3.13,0.54,10.8
356,5553,6.3,0.33,0.2,17.9,0.066,36.0,161.0,0.9991,3.14,0.51,8.8
357,5554,7.0,0.16,0.3,2.6,0.043,34.0,90.0,0.99047,2.88,0.47,11.2
358,5555,5.4,0.24,0.18,2.3,0.05,22.0,145.0,0.99207,3.24,0.46,10.3
359,5556,7.7,0.31,0.36,4.3,0.026,15.0,87.0,0.99152,3.11,0.48,12.0
360,5557,5.6,0.185,0.19,7.1,0.048,36.0,110.0,0.99438,3.26,0.41,9.5
361,5558,5.6,0.185,0.19,7.1,0.048,36.0,110.0,0.99438,3.26,0.41,9.5
362,5559,6.6,0.43,0.24,11.9,0.04,54.0,159.0,0.99622,3.14,0.54,9.8
363,5560,7.6,0.39,0.46,11.7,0.084,55.0,170.0,0.99773,2.91,0.51,9.0
364,5561,7.2,0.58,0.27,5.8,0.032,40.0,118.0,0.99088,3.17,0.53,13.0
365,5562,6.0,0.34,0.32,3.8,0.044,13.0,116.0,0.99108,3.39,0.44,11.8
366,5563,7.5,0.35,0.48,12.4,0.056,61.0,176.5,0.99803,2.97,0.52,8.8
367,5564,7.3,0.38,0.23,6.5,0.05,18.0,102.0,0.99304,3.1,0.55,11.2
368,5565,5.4,0.185,0.19,7.1,0.048,36.0,110.0,0.99438,3.26,0.41,9.5
369,5566,6.3,0.27,0.51,7.6,0.049,35.0,200.0,0.99548,3.16,0.54,9.4
370,5567,6.5,0.29,0.52,7.9,0.049,35.0,192.0,0.99551,3.16,0.51,9.5
371,5568,6.4,0.17,0.3,2.8,0.034,33.0,125.0,0.99152,3.03,0.49,10.4
372,5569,6.7,0.18,0.31,10.6,0.035,42.0,143.0,0.99572,3.08,0.49,9.8
373,5570,6.4,0.17,0.3,2.8,0.034,33.0,125.0,0.99152,3.03,0.49,10.4
374,5571,6.8,0.37,0.67,1.5,0.175,16.0,98.0,0.99244,3.06,0.56,10.3
375,5572,6.3,0.27,0.51,7.6,0.049,35.0,200.0,0.99548,3.16,0.54,9.4
376,5573,6.5,0.29,0.52,7.9,0.049,35.0,192.0,0.99551,3.16,0.51,9.5
377,5574,6.1,0.24,0.26,1.7,0.033,61.0,134.0,0.9903,3.19,0.81,11.9
378,5575,7.0,0.32,0.29,7.6,0.025,35.0,124.0,0.99162,3.15,0.65,12.8
379,5576,6.9,0.27,0.25,7.5,0.03,18.0,117.0,0.99116,3.09,0.38,13.0
380,5577,6.5,0.29,0.53,1.7,0.04,41.0,192.0,0.9922,3.26,0.59,10.4
381,5578,6.5,0.29,0.52,1.7,0.034,41.0,193.0,0.99223,3.25,0.59,10.4
382,5579,6.1,0.22,0.25,12.1,0.035,54.0,135.0,0.99481,3.21,0.4,10.7
383,5580,6.3,0.22,0.27,4.5,0.036000000000000004,81.0,157.0,0.9928,3.05,0.76,10.7
384,5581,6.1,0.24,0.26,1.7,0.033,61.0,134.0,0.9903,3.19,0.81,11.9
385,5582,5.6,0.23,0.25,8.0,0.043,31.0,101.0,0.99429,3.19,0.42,10.4
386,5583,7.0,0.32,0.29,7.6,0.025,35.0,124.0,0.99162,3.15,0.65,12.8
387,5584,6.8,0.11,0.27,8.6,0.044,45.0,104.0,0.99454,3.2,0.37,9.9
388,5585,6.8,0.11,0.27,8.6,0.044,45.0,104.0,0.99454,3.2,0.37,9.9
389,5586,7.3,0.23,0.41,14.6,0.048,73.0,223.0,0.99863,3.16,0.71,9.4
390,5587,6.1,0.2,0.17,1.6,0.048,46.0,129.0,0.991,3.3,0.43,11.4
391,5588,6.8,0.11,0.27,8.6,0.044,45.0,104.0,0.99454,3.2,0.37,9.9
392,5589,7.3,0.23,0.41,14.6,0.048,73.0,223.0,0.99863,3.16,0.71,9.4
393,5590,6.9,0.2,0.41,1.1,0.06,36.0,104.0,0.99317,2.99,0.39,9.2
394,5591,6.7,0.19,0.32,3.7,0.041,26.0,76.0,0.99173,2.9,0.57,10.5
395,5592,6.7,0.28,0.34,8.9,0.048,32.0,111.0,0.99455,3.25,0.54,11.0
396,5593,6.7,0.28,0.34,8.9,0.048,32.0,111.0,0.99455,3.25,0.54,11.0
397,5594,8.0,0.37,0.31,4.7,0.038,3.0,127.0,0.99186,2.9,0.72,12.1
398,5595,6.7,0.28,0.34,8.9,0.048,32.0,111.0,0.99455,3.25,0.54,11.0
399,5596,6.0,0.26,0.29,3.1,0.041,37.0,144.0,0.98944,3.22,0.39,12.8
400,5597,6.4,0.24,0.49,5.8,0.053,25.0,120.0,0.9942,3.01,0.98,10.5
401,5598,6.4,0.24,0.49,5.8,0.053,25.0,120.0,0.9942,3.01,0.98,10.5
402,5599,6.4,0.24,0.49,5.8,0.053,25.0,120.0,0.9942,3.01,0.98,10.5
403,5600,6.4,0.25,0.57,1.0,0.062,21.0,122.0,0.99238,3.0,0.4,9.5
404,5601,6.1,0.25,0.48,15.8,0.052000000000000005,25.0,94.0,0.99782,3.07,0.45,9.2
405,5602,6.8,0.14,0.35,1.5,0.047,40.0,117.0,0.99111,3.07,0.72,11.1
406,5603,6.5,0.38,0.26,5.2,0.042,33.0,112.0,0.99067,3.06,0.5,12.3
407,5604,6.8,0.14,0.35,1.5,0.047,40.0,117.0,0.99111,3.07,0.72,11.1
408,5605,5.4,0.15,0.32,2.5,0.037000000000000005,10.0,51.0,0.98878,3.04,0.58,12.6
409,5606,6.4,0.25,0.57,1.0,0.062,21.0,122.0,0.99238,3.0,0.4,9.5
410,5607,6.1,0.25,0.48,15.8,0.052000000000000005,25.0,94.0,0.99782,3.07,0.45,9.2
411,5608,6.8,0.22,0.32,5.9,0.054000000000000006,40.0,152.0,0.9938,3.2,0.57,10.8
412,5609,7.2,0.21,0.29,3.1,0.044,39.0,122.0,0.99143,3.0,0.6,11.3
413,5610,6.0,0.26,0.29,3.1,0.041,37.0,144.0,0.98944,3.22,0.39,12.8
414,5611,6.4,0.24,0.49,5.8,0.053,25.0,120.0,0.9942,3.01,0.98,10.5
415,5612,6.5,0.46,0.24,11.5,0.051,56.0,171.0,0.99588,3.08,0.56,9.8
416,5613,6.5,0.18,0.48,18.0,0.054000000000000006,56.0,183.0,1.0003799999999998,2.98,0.61,8.5
417,5614,6.2,0.32,0.12,4.8,0.054000000000000006,6.0,97.0,0.99424,3.16,0.5,9.3
418,5615,7.2,0.4,0.24,8.5,0.055,45.0,151.0,0.99626,3.2,0.52,9.2
419,5616,5.9,0.23,0.24,1.6,0.037000000000000005,32.0,115.0,0.99076,3.21,0.51,11.4
420,5617,6.4,0.18,0.48,18.0,0.054000000000000006,56.0,183.0,1.0003799999999998,2.98,0.61,8.5
421,5618,6.2,0.32,0.12,4.8,0.054000000000000006,6.0,97.0,0.99424,3.16,0.5,9.3
422,5619,6.4,0.37,0.12,5.9,0.056,6.0,91.0,0.99536,3.06,0.46,8.4
423,5620,7.0,0.23,0.42,1.1,0.062,35.0,100.0,0.99318,3.04,0.4,9.2
424,5621,7.2,0.4,0.24,8.5,0.055,45.0,151.0,0.99626,3.2,0.52,9.2
425,5622,7.6,0.19,0.37,13.1,0.033,52.0,151.0,0.99726,3.18,0.79,10.4
426,5623,6.0,0.28,0.27,4.1,0.046,50.0,147.0,0.99126,3.27,0.56,11.6
427,5624,6.2,0.32,0.45,2.9,0.029,37.0,94.0,0.98998,3.25,0.6,12.4
428,5625,7.6,0.19,0.37,13.1,0.033,52.0,151.0,0.99726,3.18,0.79,10.4
429,5626,6.4,0.26,0.26,1.1,0.052000000000000005,22.0,176.0,0.99304,3.09,0.54,9.3
430,5627,5.9,0.25,0.27,1.5,0.029,37.0,81.0,0.9892,3.2,0.46,12.2
431,5628,6.1,0.28,0.3,7.75,0.031,33.0,139.0,0.99296,3.22,0.46,11.0
432,5629,6.9,0.19,0.38,1.15,0.023,30.0,105.0,0.99047,3.11,0.38,11.4
433,5630,6.4,0.29,0.57,1.0,0.06,15.0,120.0,0.9924,3.06,0.41,9.5
434,5631,6.8,0.27,0.22,17.8,0.034,16.0,116.0,0.9989,3.07,0.53,9.2
435,5632,7.5,0.26,0.38,5.7,0.021,23.0,125.0,0.99338,3.13,0.62,11.1
436,5633,6.8,0.27,0.22,17.8,0.034,16.0,116.0,0.9989,3.07,0.53,9.2
437,5634,6.4,0.2,0.22,7.4,0.032,53.0,172.0,0.99404,3.24,0.58,11.0
438,5635,7.3,0.33,0.22,1.4,0.041,40.0,177.0,0.99287,3.14,0.48,9.9
439,5636,7.3,0.34,0.22,1.4,0.044,43.0,176.0,0.99286,3.14,0.46,9.9
440,5637,6.4,0.29,0.57,1.0,0.06,15.0,120.0,0.9924,3.06,0.41,9.5
441,5638,6.1,1.1,0.16,4.4,0.033,8.0,109.0,0.99058,3.35,0.47,12.4
442,5639,6.3,0.24,0.29,1.6,0.052000000000000005,48.0,185.0,0.9934,3.21,0.5,9.4
443,5640,6.2,0.24,0.22,7.9,0.053,45.0,149.0,0.99545,3.23,0.52,9.3
444,5641,7.4,0.16,0.27,15.5,0.05,25.0,135.0,0.9984,2.9,0.43,8.7
445,5642,7.4,0.16,0.27,15.5,0.05,25.0,135.0,0.9984,2.9,0.43,8.7
446,5643,7.4,0.16,0.27,15.5,0.05,25.0,135.0,0.9984,2.9,0.43,8.7
447,5644,7.4,0.16,0.27,15.5,0.05,25.0,135.0,0.9984,2.9,0.43,8.7
448,5645,7.2,0.17,0.28,17.55,0.05,33.0,154.0,0.99971,2.94,0.43,9.0
449,5646,6.9,0.19,0.35,13.5,0.038,49.0,118.0,0.99546,3.0,0.63,10.7
450,5647,6.9,0.19,0.35,13.5,0.038,49.0,118.0,0.99546,3.0,0.63,10.7
451,5648,6.8,0.16,0.36,1.3,0.034,32.0,98.0,0.99058,3.02,0.58,11.3
452,5649,7.4,0.16,0.27,15.5,0.05,25.0,135.0,0.9984,2.9,0.43,8.7
453,5650,6.8,0.3,0.27,11.6,0.028,22.0,97.0,0.99314,2.96,0.38,11.7
454,5651,6.2,0.24,0.22,7.9,0.053,45.0,149.0,0.99545,3.23,0.52,9.3
455,5652,7.4,0.16,0.27,15.5,0.05,25.0,135.0,0.9984,2.9,0.43,8.7
456,5653,7.2,0.17,0.28,17.55,0.05,33.0,154.0,0.99971,2.94,0.43,9.0
457,5654,6.8,0.3,0.27,11.6,0.028,22.0,97.0,0.99314,2.96,0.38,11.7
458,5655,6.5,0.43,0.18,13.15,0.032,25.0,131.0,0.99565,3.23,0.51,10.7
459,5656,6.6,0.17,0.36,1.9,0.036000000000000004,38.0,110.0,0.99056,3.05,0.54,11.4
460,5657,6.9,0.19,0.35,13.5,0.038,49.0,118.0,0.99546,3.0,0.63,10.7
461,5658,6.8,0.16,0.36,1.3,0.034,32.0,98.0,0.99058,3.02,0.58,11.3
462,5659,6.4,0.41,0.01,6.1,0.048,20.0,70.0,0.99362,3.19,0.42,10.0
463,5660,6.4,0.41,0.01,6.1,0.048,20.0,70.0,0.99362,3.19,0.42,10.0
464,5661,7.4,0.36,0.32,1.9,0.036000000000000004,27.0,119.0,0.99196,3.15,0.49,11.2
465,5662,6.1,0.17,0.21,1.9,0.09,44.0,130.0,0.99255,3.07,0.41,9.7
466,5663,5.5,0.28,0.21,1.6,0.032,23.0,85.0,0.99027,3.42,0.42,12.5
467,5664,6.6,0.5,0.26,11.3,0.029,32.0,110.0,0.99302,3.27,0.78,12.9
468,5665,7.1,0.44,0.27,8.4,0.057,60.0,160.0,0.99257,3.16,0.36,11.8
469,5666,6.9,0.38,0.28,8.3,0.062,22.0,166.0,0.99506,3.16,0.72,10.6
470,5667,7.1,0.44,0.27,8.4,0.057,60.0,160.0,0.99257,3.16,0.36,11.8
471,5668,6.2,0.24,0.28,12.2,0.049,54.0,133.0,0.9952,3.19,0.37,10.7
472,5669,6.1,0.28,0.27,8.0,0.048,41.0,162.0,0.99498,3.21,0.51,9.9
473,5670,7.6,0.26,0.32,1.3,0.048,23.0,76.0,0.9903,2.96,0.46,12.0
474,5671,7.5,0.16,0.38,12.7,0.043,70.5,163.0,0.99706,3.15,0.82,10.4
475,5672,6.5,0.36,0.16,1.3,0.054000000000000006,11.0,107.0,0.99398,3.19,0.39,8.5
476,5673,6.6,0.35,0.19,10.5,0.06,15.0,82.0,0.99588,3.13,0.38,9.9
477,5674,5.7,0.25,0.26,12.5,0.049,52.5,120.0,0.99691,3.08,0.45,9.4
478,5675,7.4,0.37,0.26,9.6,0.05,33.0,134.0,0.99608,3.13,0.46,10.4
479,5676,5.7,0.25,0.21,1.5,0.044,21.0,108.0,0.99142,3.3,0.59,11.0
480,5677,5.8,0.23,0.21,1.5,0.044,21.0,110.0,0.99138,3.3,0.57,11.0
481,5678,5.4,0.265,0.28,7.8,0.052000000000000005,27.0,91.0,0.99432,3.19,0.38,10.4
482,5679,5.7,0.25,0.27,10.8,0.05,58.0,116.0,0.99592,3.1,0.5,9.8
483,5680,5.7,0.25,0.26,12.5,0.049,52.5,106.0,0.99691,3.08,0.45,9.4
484,5681,5.9,0.23,0.28,8.6,0.046,37.0,142.0,0.99432,3.23,0.53,10.6
485,5682,6.2,0.3,0.32,1.2,0.052000000000000005,32.0,185.0,0.99266,3.28,0.44,10.1
486,5683,6.5,0.33,0.24,14.5,0.048,20.0,96.0,0.99456,3.06,0.3,11.5
487,5684,7.4,0.26,0.29,3.7,0.048,14.0,73.0,0.9915,3.06,0.45,11.4
488,5685,7.0,0.2,0.4,1.1,0.058,30.0,93.0,0.99322,3.03,0.38,9.2
489,5686,6.5,0.21,0.42,1.1,0.059,33.0,101.0,0.9927,3.12,0.38,9.7
490,5687,7.3,0.25,0.27,3.8,0.047,16.0,79.0,0.99173,3.07,0.46,11.3
491,5688,6.8,0.27,0.24,4.6,0.098,36.0,127.0,0.99412,3.15,0.49,9.6
492,5689,6.7,0.24,0.3,10.2,0.07,44.0,179.0,0.99666,2.86,0.46,8.9
493,5690,6.4,0.14,0.28,7.9,0.057,21.0,82.0,0.99425,3.26,0.36,10.0
494,5691,6.4,0.5,0.2,2.4,0.059,19.0,112.0,0.99314,3.18,0.4,9.2
495,5692,6.6,0.41,0.27,10.7,0.11,20.0,103.0,0.99672,3.08,0.41,9.0
496,5693,6.4,0.25,0.28,4.9,0.03,29.0,98.0,0.99024,3.09,0.58,12.8
497,5694,6.6,0.41,0.27,10.7,0.11,20.0,103.0,0.99672,3.08,0.41,9.0
498,5695,8.0,0.25,0.35,1.1,0.054000000000000006,13.0,136.0,0.99366,3.08,0.55,9.5
499,5696,6.4,0.14,0.28,7.9,0.057,21.0,82.0,0.99425,3.26,0.36,10.0
500,5697,6.6,0.21,0.34,5.6,0.046,30.0,140.0,0.99299,3.22,0.38,11.0
501,5698,6.4,0.5,0.2,2.4,0.059,19.0,112.0,0.99314,3.18,0.4,9.2
502,5699,6.3,0.29,0.23,14.2,0.037000000000000005,24.0,99.0,0.99528,3.08,0.38,10.6
503,5700,6.9,0.37,0.23,9.5,0.057,54.0,166.0,0.99568,3.23,0.42,10.0
504,5701,6.9,0.37,0.23,9.5,0.057,54.0,166.0,0.99568,3.23,0.42,10.0
505,5702,5.7,0.31,0.28,4.1,0.03,22.0,86.0,0.99062,3.31,0.38,11.7
506,5703,6.9,0.45,0.27,4.7,0.035,17.0,80.0,0.99058,3.12,0.36,12.5
507,5704,6.9,0.3,0.45,1.4,0.039,36.0,122.0,0.99059,3.07,0.47,11.1
508,5705,5.3,0.23,0.56,0.9,0.041,46.0,141.0,0.99119,3.16,0.62,9.7
509,5706,6.8,0.3,0.26,20.3,0.037000000000000005,45.0,150.0,0.99727,3.04,0.38,12.3
510,5707,6.7,0.28,0.42,3.5,0.035,43.0,105.0,0.99021,3.18,0.38,12.2
511,5708,5.0,0.255,0.22,2.7,0.043,46.0,153.0,0.99238,3.75,0.76,11.3
512,5709,7.6,0.4,0.27,1.2,0.053,23.0,193.0,0.99164,3.22,0.38,11.6
513,5710,5.5,0.21,0.25,1.2,0.04,18.0,75.0,0.99006,3.31,0.56,11.3
514,5711,6.0,0.2,0.25,2.0,0.041,30.0,95.0,0.99078,3.27,0.56,11.1
515,5712,6.1,0.17,0.29,1.1,0.041,32.0,92.0,0.99036,3.26,0.57,11.2
516,5713,7.5,0.21,0.29,1.5,0.046,35.0,107.0,0.99123,3.15,0.45,11.3
517,5714,7.3,0.26,0.32,1.2,0.041,29.0,94.0,0.98978,3.07,0.45,12.0
518,5715,6.2,0.35,0.2,18.1,0.069,33.0,158.0,0.99908,3.15,0.5,8.8
519,5716,6.2,0.35,0.2,18.1,0.069,33.0,158.0,0.99908,3.15,0.5,8.8
520,5717,6.5,0.43,0.31,3.6,0.046,19.0,143.0,0.99022,3.15,0.34,12.0
521,5718,6.5,0.4,0.31,3.5,0.046,22.0,147.0,0.99024,3.15,0.31,12.0
522,5719,7.4,0.28,0.5,12.1,0.049,48.0,122.0,0.9973,3.01,0.44,9.0
523,5720,6.3,0.23,0.22,17.45,0.054000000000000006,42.0,151.0,0.99853,3.12,0.6,9.3
524,5721,6.2,0.34,0.25,12.1,0.059,33.0,171.0,0.99769,3.14,0.56,8.7
525,5722,6.6,0.44,0.32,3.0,0.095,13.0,75.0,0.98954,3.1,0.63,12.8
526,5723,6.0,0.13,0.36,1.6,0.052000000000000005,23.0,72.0,0.98974,3.1,0.5,11.5
527,5724,6.3,0.17,0.23,5.7,0.048,44.0,147.0,0.99382,3.08,0.54,10.0
528,5725,6.3,0.18,0.22,5.6,0.047,45.0,147.0,0.99383,3.09,0.54,10.0
529,5726,6.7,0.31,0.34,6.8,0.059,51.0,215.0,0.99538,3.33,0.56,10.3
530,5727,6.6,0.33,0.32,15.6,0.054000000000000006,62.0,227.0,0.99734,3.25,0.56,10.4
531,5728,6.3,0.34,0.31,6.0,0.02,18.0,68.0,0.98981,3.22,0.29,13.4
532,5729,6.8,0.29,0.32,1.8,0.032,18.0,130.0,0.99095,3.05,0.62,11.2
533,5730,7.4,0.31,0.26,8.6,0.048,47.0,206.0,0.9964,3.26,0.36,9.1
534,5731,7.4,0.31,0.26,8.6,0.048,47.0,206.0,0.9964,3.26,0.36,9.1
535,5732,5.7,0.25,0.27,11.5,0.04,24.0,120.0,0.99411,3.33,0.31,10.8
536,5733,6.8,0.27,0.28,7.8,0.038,26.0,89.0,0.9915,3.24,0.34,12.5
537,5734,5.9,0.26,0.24,2.4,0.046,27.0,132.0,0.99234,3.63,0.73,11.3
538,5735,5.9,0.65,0.23,5.0,0.035,20.0,128.0,0.99016,3.46,0.48,12.8
539,5736,7.4,0.31,0.26,8.6,0.048,47.0,206.0,0.9964,3.26,0.36,9.1
540,5737,6.6,0.23,0.32,1.5,0.041,8.0,72.0,0.98949,3.22,0.39,12.7
541,5738,6.8,0.18,0.35,5.4,0.054000000000000006,53.0,143.0,0.99287,3.1,0.54,11.0
542,5739,6.8,0.28,0.29,11.9,0.052000000000000005,51.0,149.0,0.99544,3.02,0.58,10.4
543,5740,6.8,0.28,0.29,11.9,0.052000000000000005,51.0,149.0,0.99544,3.02,0.58,10.4
544,5741,5.9,0.27,0.27,9.0,0.051,43.0,136.0,0.9941,3.25,0.53,10.7
545,5742,6.1,0.25,0.28,10.0,0.055,56.0,131.0,0.994,3.22,0.35,10.9
546,5743,6.8,0.28,0.29,11.9,0.052000000000000005,51.0,149.0,0.99544,3.02,0.58,10.4
547,5744,6.8,0.26,0.29,11.9,0.052000000000000005,54.0,160.0,0.99546,3.03,0.58,10.4
548,5745,7.1,0.13,0.29,15.5,0.064,56.0,115.5,0.99737,3.16,0.41,9.7
549,5746,6.8,0.18,0.35,5.4,0.054000000000000006,53.0,143.0,0.99287,3.1,0.54,11.0
550,5747,6.2,0.2,0.25,15.0,0.055,8.0,120.0,0.99767,3.19,0.53,9.6
551,5748,5.8,0.24,0.28,1.4,0.038,40.0,76.0,0.98711,3.1,0.29,13.9
552,5749,7.6,0.48,0.31,9.4,0.046,6.0,194.0,0.99714,3.07,0.61,9.4
553,5750,7.4,0.26,0.32,3.7,0.032,29.0,193.0,0.99134,3.1,0.67,12.5
554,5751,6.2,0.2,0.25,15.0,0.055,8.0,120.0,0.99767,3.19,0.53,9.6
555,5752,6.1,0.3,0.47,1.4,0.049,50.0,187.0,0.9927,3.19,0.45,9.5
556,5753,6.2,0.32,0.5,6.5,0.048,61.0,186.0,0.9948,3.19,0.45,9.6
557,5754,6.1,0.3,0.47,1.4,0.049,50.0,187.0,0.9927,3.19,0.45,9.5
558,5755,6.3,0.34,0.52,6.3,0.047,63.0,186.0,0.99481,3.18,0.44,9.6
559,5756,7.4,0.16,0.3,13.7,0.056,33.0,168.0,0.99825,2.9,0.44,8.7
560,5757,7.4,0.16,0.3,13.7,0.056,33.0,168.0,0.99825,2.9,0.44,8.7
561,5758,7.4,0.16,0.3,13.7,0.056,33.0,168.0,0.99825,2.9,0.44,8.7
562,5759,7.4,0.16,0.3,13.7,0.056,33.0,168.0,0.99825,2.9,0.44,8.7
563,5760,7.4,0.16,0.3,13.7,0.056,33.0,168.0,0.99825,2.9,0.44,8.7
564,5761,7.4,0.16,0.3,13.7,0.056,33.0,168.0,0.99825,2.9,0.44,8.7
565,5762,7.2,0.26,0.38,1.5,0.061,12.0,120.0,0.99192,3.18,0.46,10.4
566,5763,7.0,0.31,0.35,1.6,0.063,13.0,119.0,0.99184,3.22,0.5,10.7
567,5764,6.6,0.22,0.35,1.4,0.05,23.0,83.0,0.99019,3.17,0.48,12.0
568,5765,5.8,0.23,0.31,3.5,0.044,35.0,158.0,0.98998,3.19,0.37,12.1
569,5766,6.3,0.17,0.32,1.0,0.04,39.0,118.0,0.98886,3.31,0.4,13.1
570,5767,6.0,0.19,0.26,1.4,0.039,30.0,104.0,0.98998,3.32,0.41,12.4
571,5768,6.7,0.21,0.34,1.5,0.035,45.0,123.0,0.98949,3.24,0.36,12.6
572,5769,7.4,0.16,0.3,13.7,0.056,33.0,168.0,0.99825,2.9,0.44,8.7
573,5770,6.6,0.22,0.37,1.6,0.04,31.0,101.0,0.99009,3.15,0.66,12.0
574,5771,6.8,0.34,0.27,5.2,0.06,14.0,169.0,0.99252,3.27,0.57,11.6
575,5772,7.1,0.34,0.86,1.4,0.174,36.0,99.0,0.99288,2.92,0.5,9.3
576,5773,6.3,0.24,0.22,11.9,0.05,65.0,179.0,0.99659,3.06,0.58,9.3
577,5774,6.9,0.35,0.39,2.4,0.048,25.0,157.0,0.99133,3.2,0.54,11.1
578,5775,6.8,0.24,0.33,3.2,0.049,68.0,161.0,0.99324,3.1,0.69,10.2
579,5776,6.4,0.25,0.33,1.7,0.037000000000000005,35.0,113.0,0.99164,3.23,0.66,10.6
580,5777,5.8,0.19,0.33,4.2,0.038,49.0,133.0,0.99107,3.16,0.42,11.3
581,5778,6.9,0.24,0.4,15.4,0.052000000000000005,81.0,198.0,0.9986,3.2,0.69,9.4
582,5779,6.5,0.31,0.61,13.0,0.053,31.0,123.0,0.99708,3.09,0.5,9.3
583,5780,6.6,0.25,0.32,5.6,0.039,15.0,68.0,0.99163,2.96,0.52,11.1
584,5781,7.5,0.38,0.56,9.7,0.055,15.0,170.0,0.99605,3.13,0.65,9.9
585,5782,6.2,0.3,0.3,2.5,0.041,29.0,82.0,0.99065,3.31,0.61,11.8
586,5783,6.4,0.33,0.28,4.0,0.04,24.0,81.0,0.9903,3.26,0.64,12.6
587,5784,6.9,0.24,0.4,15.4,0.052000000000000005,81.0,198.0,0.9986,3.2,0.69,9.4
588,5785,7.6,0.27,0.32,1.2,0.043,23.0,72.0,0.99236,3.06,0.68,10.5
589,5786,5.9,0.24,0.34,2.0,0.037000000000000005,40.0,108.0,0.98948,3.19,0.5,12.3
590,5787,5.3,0.33,0.3,1.2,0.048,25.0,119.0,0.99045,3.32,0.62,11.3
591,5788,6.4,0.21,0.21,5.1,0.097,21.0,105.0,0.9939,3.07,0.46,9.6
592,5789,7.0,0.22,0.3,1.4,0.04,14.0,63.0,0.98985,3.2,0.33,12.0
593,5790,7.8,0.27,0.35,1.2,0.05,36.0,140.0,0.99138,3.09,0.45,11.2
594,5791,6.7,0.2,0.24,6.5,0.044,28.0,100.0,0.99348,3.12,0.33,10.2
595,5792,8.1,0.27,0.33,1.3,0.045,26.0,100.0,0.99066,2.98,0.44,12.4
596,5793,6.7,0.2,0.24,6.5,0.044,28.0,100.0,0.99348,3.12,0.33,10.2
597,5794,7.1,0.45,0.24,2.7,0.04,24.0,87.0,0.98862,2.94,0.38,13.4
598,5795,5.8,0.22,0.29,1.3,0.036000000000000004,25.0,68.0,0.98865,3.24,0.35,12.6
599,5796,6.3,0.3,0.48,7.4,0.053,34.0,149.0,0.99472,3.18,0.53,9.8
600,5797,7.9,0.36,0.53,12.9,0.049,63.0,139.0,0.99792,2.94,0.45,9.1
601,5798,8.1,0.27,0.33,1.3,0.045,26.0,100.0,0.99066,2.98,0.44,12.4
602,5799,8.0,0.24,0.33,1.2,0.044,28.0,101.0,0.99035,3.03,0.43,12.5
603,5800,6.7,0.41,0.27,2.6,0.033,25.0,85.0,0.99086,3.05,0.34,11.7
604,5801,6.7,0.24,0.31,2.3,0.044,37.0,113.0,0.99013,3.29,0.46,12.9
605,5802,6.2,0.3,0.32,1.3,0.054000000000000006,27.0,183.0,0.99266,3.3,0.43,10.1
606,5803,6.9,0.26,0.38,10.5,0.044,33.0,139.0,0.99517,3.06,0.5,10.3
607,5804,6.7,0.41,0.27,2.6,0.033,25.0,85.0,0.99086,3.05,0.34,11.7
608,5805,5.9,0.32,0.2,14.4,0.05,29.0,144.0,0.99666,3.24,0.41,10.3
609,5806,6.1,0.25,0.3,1.2,0.036000000000000004,42.0,107.0,0.991,3.34,0.56,10.8
610,5807,5.6,0.23,0.29,3.1,0.023,19.0,89.0,0.99068,3.25,0.51,11.2
611,5808,6.6,0.23,0.32,1.7,0.024,26.0,102.0,0.99084,3.29,0.6,11.8
612,5809,6.0,0.17,0.21,6.0,0.05,26.0,134.0,0.9939,3.08,0.54,9.8
613,5810,7.1,0.38,0.42,11.8,0.041,32.0,193.0,0.99624,3.04,0.49,10.0
614,5811,6.6,0.31,0.37,6.2,0.052000000000000005,13.0,164.0,0.99602,3.24,0.39,8.8
615,5812,6.5,0.38,0.53,1.4,0.142,5.0,69.0,0.9926,3.14,0.52,10.1
616,5813,7.0,0.44,0.24,12.1,0.056,68.0,210.0,0.99718,3.05,0.5,9.5
617,5814,7.0,0.44,0.24,12.1,0.056,68.0,210.0,0.99718,3.05,0.5,9.5
618,5815,7.0,0.44,0.24,12.1,0.056,68.0,210.0,0.99718,3.05,0.5,9.5
619,5816,6.1,0.38,0.14,3.9,0.06,27.0,113.0,0.99344,3.07,0.34,9.2
620,5817,8.0,0.33,0.32,4.6,0.041,31.0,180.0,0.99184,2.92,0.74,12.2
621,5818,7.0,0.44,0.24,12.1,0.056,68.0,210.0,0.99718,3.05,0.5,9.5
622,5819,6.0,0.19,0.29,1.2,0.046,29.0,92.0,0.99033,3.22,0.53,11.3
623,5820,6.3,0.28,0.34,8.1,0.038,44.0,129.0,0.99248,3.26,0.29,12.1
624,5821,6.1,0.38,0.14,3.9,0.06,27.0,113.0,0.99344,3.07,0.34,9.2
625,5822,5.3,0.43,0.11,1.1,0.029,6.0,51.0,0.99076,3.51,0.48,11.2
626,5823,5.4,0.22,0.35,6.5,0.029,26.0,87.0,0.99092,3.29,0.44,12.5
627,5824,6.2,0.345,0.27,10.1,0.056,38.0,187.0,0.99486,3.31,0.56,10.6
628,5825,5.6,0.255,0.57,10.7,0.056,66.0,171.0,0.99464,3.25,0.61,10.4
629,5826,5.2,0.2,0.27,3.2,0.047,16.0,93.0,0.99235,3.44,0.53,10.1
630,5827,6.2,0.29,0.23,12.4,0.048,33.0,201.0,0.99612,3.11,0.56,9.9
631,5828,6.3,0.26,0.25,5.2,0.046,11.0,133.0,0.99202,2.97,0.68,11.0
632,5829,6.0,0.22,0.23,5.0,0.045,10.0,122.0,0.99261,2.94,0.63,10.0
633,5830,7.5,0.35,0.37,2.5,0.066,29.0,89.0,0.98964,3.14,0.42,12.7
634,5831,6.6,0.39,0.28,9.2,0.036000000000000004,10.0,92.0,0.99206,3.07,0.35,12.1
635,5832,6.3,0.23,0.33,6.9,0.052000000000000005,23.0,118.0,0.9938,3.23,0.46,10.4
636,5833,6.3,0.22,0.3,2.0,0.05,23.0,120.0,0.99204,3.24,0.47,10.4
637,5834,6.4,0.29,0.18,15.0,0.04,21.0,116.0,0.99736,3.14,0.5,9.2
638,5835,6.4,0.29,0.18,15.0,0.04,21.0,116.0,0.99736,3.14,0.5,9.2
639,5836,7.5,0.23,0.3,1.2,0.03,27.0,80.0,0.99192,3.05,0.68,10.5
640,5837,6.4,0.29,0.18,15.0,0.04,21.0,116.0,0.99736,3.14,0.5,9.2
641,5838,5.7,0.28,0.36,1.8,0.041,38.0,90.0,0.99002,3.27,0.98,11.9
642,5839,6.5,0.26,0.24,10.8,0.042,47.0,130.0,0.996,3.08,0.4,10.1
643,5840,6.4,0.27,0.29,3.9,0.034,62.0,140.0,0.99237,3.1,0.59,11.1
644,5841,5.9,0.22,0.29,4.2,0.037000000000000005,69.0,144.0,0.99214,3.13,0.74,10.8
645,5842,6.8,0.26,0.26,2.0,0.019,23.5,72.0,0.99041,3.16,0.47,11.8
646,5843,7.6,0.36,0.48,13.5,0.038,44.0,116.0,0.9982,3.04,0.48,9.2
647,5844,7.6,0.35,0.47,13.3,0.037000000000000005,42.0,116.0,0.99822,3.04,0.5,9.2
648,5845,5.7,0.18,0.26,2.2,0.023,21.0,95.0,0.9893,3.07,0.54,12.3
649,5846,6.6,0.36,0.47,1.4,0.145,26.0,124.0,0.99274,3.09,0.56,10.1
650,5847,5.9,0.14,0.2,1.6,0.04,26.0,114.0,0.99105,3.25,0.45,11.4
651,5848,5.5,0.23,0.19,2.2,0.044,39.0,161.0,0.99209,3.19,0.43,10.4
652,5849,6.7,0.11,0.26,14.8,0.053,44.0,95.0,0.99676,3.2,0.35,9.8
653,5850,7.0,0.24,0.24,1.8,0.047,29.0,91.0,0.99251,3.3,0.43,9.9
654,5851,6.7,0.11,0.26,14.8,0.053,44.0,95.0,0.99676,3.2,0.35,9.8
655,5852,5.3,0.47,0.1,1.3,0.036000000000000004,11.0,74.0,0.99082,3.48,0.54,11.2
656,5853,7.5,0.29,0.24,9.9,0.058,25.0,115.0,0.99567,3.15,0.46,10.9
657,5854,6.0,0.33,0.26,5.1,0.051,16.0,119.0,0.99416,3.15,0.41,9.2
658,5855,6.0,0.33,0.26,5.1,0.051,16.0,119.0,0.99416,3.15,0.41,9.2
659,5856,5.8,0.32,0.23,1.5,0.033,39.0,121.0,0.9887,2.96,0.35,12.0
660,5857,5.8,0.3,0.23,1.5,0.034,37.0,121.0,0.98871,2.96,0.34,12.1
661,5858,3.8,0.31,0.02,11.1,0.036000000000000004,20.0,114.0,0.99248,3.75,0.44,12.4
662,5859,6.2,0.36,0.22,5.25,0.038,44.0,145.0,0.99184,3.22,0.4,11.2
663,5860,6.0,0.31,0.27,2.3,0.042,19.0,120.0,0.98952,3.32,0.41,12.7
664,5861,6.9,0.52,0.54,7.9,0.036000000000000004,23.0,169.0,0.99267,3.26,0.47,12.2
665,5862,7.0,0.55,0.05,8.0,0.036000000000000004,19.0,164.0,0.99269,3.26,0.46,12.2
666,5863,5.8,0.2,0.16,1.4,0.042,44.0,99.0,0.98912,3.23,0.37,12.2
667,5864,6.2,0.36,0.22,5.25,0.038,44.0,145.0,0.99184,3.22,0.4,11.2
668,5865,6.0,0.31,0.27,2.3,0.042,19.0,120.0,0.98952,3.32,0.41,12.7
669,5866,6.0,0.29,0.27,2.3,0.044,20.0,117.0,0.9895,3.31,0.41,12.7
670,5867,5.7,0.22,0.29,3.5,0.04,27.0,146.0,0.98999,3.17,0.36,12.1
671,5868,7.1,0.46,0.23,13.7,0.045,44.0,192.0,0.9981,3.11,0.53,9.4
672,5869,6.6,0.21,0.3,9.9,0.041,64.0,174.0,0.995,3.07,0.5,10.1
673,5870,6.9,0.42,0.2,15.4,0.043,57.0,201.0,0.99848,3.08,0.54,9.4
674,5871,5.7,0.22,0.2,16.0,0.044,41.0,113.0,0.99862,3.22,0.46,8.9
675,5872,5.7,0.22,0.2,16.0,0.044,41.0,113.0,0.99862,3.22,0.46,8.9
676,5873,5.7,0.22,0.2,16.0,0.044,41.0,113.0,0.99862,3.22,0.46,8.9
677,5874,5.7,0.22,0.2,16.0,0.044,41.0,113.0,0.99862,3.22,0.46,8.9
678,5875,5.2,0.31,0.2,2.4,0.027000000000000003,27.0,117.0,0.98886,3.56,0.45,13.0
679,5876,7.2,0.22,0.35,5.5,0.054000000000000006,37.0,183.0,0.99474,3.08,0.5,10.3
680,5877,5.6,0.18,0.29,2.3,0.04,5.0,47.0,0.99126,3.07,0.45,10.1
681,5878,6.2,0.24,0.27,16.8,0.04,48.0,129.0,0.99691,3.23,0.38,10.5
682,5879,5.7,0.22,0.2,16.0,0.044,41.0,113.0,0.99862,3.22,0.46,8.9
683,5880,5.7,0.26,0.24,17.8,0.059,23.0,124.0,0.99773,3.3,0.5,10.1
684,5881,5.7,0.26,0.24,17.8,0.059,23.0,124.0,0.99773,3.3,0.5,10.1
685,5882,6.0,0.2,0.26,6.8,0.049,22.0,93.0,0.9928,3.15,0.42,11.0
686,5883,6.0,0.2,0.26,6.8,0.049,22.0,93.0,0.9928,3.15,0.42,11.0
687,5884,6.0,0.2,0.26,6.8,0.049,22.0,93.0,0.9928,3.15,0.42,11.0
688,5885,6.0,0.2,0.26,6.8,0.049,22.0,93.0,0.9928,3.15,0.42,11.0
689,5886,7.6,0.28,0.17,1.6,0.046,28.0,117.0,0.99288,3.08,0.43,10.0
690,5887,7.0,0.2,0.33,4.7,0.03,25.0,76.0,0.99202,2.88,0.54,10.5
691,5888,6.6,0.26,0.27,11.8,0.048,28.0,112.0,0.99606,2.87,0.49,9.7
692,5889,5.7,0.26,0.24,17.8,0.059,23.0,124.0,0.99773,3.3,0.5,10.1
693,5890,7.2,0.21,0.36,15.7,0.045,68.0,183.0,0.99922,3.25,0.76,9.4
694,5891,6.9,0.22,0.32,5.8,0.041,20.0,119.0,0.99296,3.17,0.55,11.2
695,5892,7.2,0.21,0.36,15.7,0.045,68.0,183.0,0.99922,3.25,0.76,9.4
696,5893,7.4,0.22,0.28,9.0,0.046,22.0,121.0,0.99468,3.1,0.55,10.8
697,5894,7.2,0.21,0.36,15.7,0.045,68.0,183.0,0.99922,3.25,0.76,9.4
698,5895,6.9,0.22,0.32,5.8,0.041,20.0,119.0,0.99296,3.17,0.55,11.2
699,5896,7.0,0.2,0.35,8.8,0.037000000000000005,31.0,103.0,0.99388,3.13,0.49,11.0
700,5897,5.6,0.26,0.0,10.2,0.038,13.0,111.0,0.99315,3.44,0.46,12.4
701,5898,6.3,0.28,0.3,6.6,0.208,60.0,154.0,0.99478,3.1,0.4,9.4
702,5899,6.4,0.29,0.3,6.5,0.209,62.0,156.0,0.99478,3.1,0.4,9.4
703,5900,7.2,0.34,0.23,8.9,0.105,22.0,155.0,0.99692,3.01,0.58,9.5
704,5901,7.1,0.39,0.39,11.1,0.034,25.0,204.0,0.99616,3.05,0.52,10.0
705,5902,6.9,0.26,0.29,4.2,0.043,33.0,114.0,0.9902,3.16,0.31,12.5
706,5903,6.1,0.24,0.25,1.6,0.044,24.0,115.0,0.9921,3.39,0.59,10.9
707,5904,5.9,0.25,0.24,7.4,0.044,21.0,113.0,0.99462,3.38,0.58,10.5
708,5905,6.1,0.24,0.27,11.5,0.05,51.0,133.0,0.99476,3.22,0.37,10.8
709,5906,6.5,0.22,0.27,1.6,0.039,36.0,116.0,0.99178,3.38,0.57,11.0
710,5907,6.2,0.26,0.29,2.0,0.036000000000000004,16.0,87.0,0.99081,3.33,0.61,11.8
711,5908,6.6,0.34,0.25,4.8,0.038,16.0,121.0,0.99198,3.36,0.71,12.6
712,5909,5.6,0.225,0.24,9.8,0.054000000000000006,59.0,140.0,0.99545,3.17,0.39,10.2
713,5910,7.1,0.23,0.28,1.9,0.046,33.0,103.0,0.98997,3.12,0.31,12.0
714,5911,6.9,0.26,0.29,4.2,0.043,33.0,114.0,0.9902,3.16,0.31,12.5
715,5912,6.4,0.27,0.3,1.6,0.04,19.0,86.0,0.99089,3.32,0.65,11.5
716,5913,6.3,0.41,0.22,7.3,0.035,23.0,117.0,0.99172,3.2,0.39,11.94
717,5914,6.7,0.41,0.24,5.4,0.035,33.0,115.0,0.9901,3.12,0.44,12.8933333333333
718,5915,7.2,0.585,0.2,10.4,0.086,17.0,94.0,0.99681,3.13,0.4,9.4
719,5916,6.7,0.34,0.26,1.9,0.038,58.0,138.0,0.9893,3.0,0.47,12.2
720,5917,6.3,0.41,0.22,7.3,0.035,23.0,117.0,0.99172,3.2,0.39,11.94
721,5918,6.7,0.41,0.24,5.4,0.035,33.0,115.0,0.9901,3.12,0.44,12.8933333333333
722,5919,6.4,0.26,0.35,7.7,0.056,45.0,191.0,0.99527,3.16,0.5,9.5
723,5920,6.3,0.28,0.22,11.5,0.036000000000000004,27.0,150.0,0.99445,3.0,0.33,10.6
724,5921,7.4,0.16,0.33,1.2,0.042,47.0,121.0,0.99198,3.04,0.68,10.5
725,5922,8.4,0.27,0.3,2.2,0.037000000000000005,36.0,129.0,0.99085,2.89,0.3,11.466666666666699
726,5923,5.9,0.2,0.28,1.0,0.043,45.0,100.0,0.99033,3.4,0.41,11.4
727,5924,6.4,0.24,0.26,8.2,0.054000000000000006,47.0,182.0,0.99538,3.12,0.5,9.5
728,5925,7.4,0.38,0.34,8.3,0.052000000000000005,44.0,168.0,0.99627,3.11,0.52,9.2
729,5926,6.4,0.24,0.26,8.2,0.054000000000000006,47.0,182.0,0.99538,3.12,0.5,9.5
730,5927,6.4,0.42,0.19,9.3,0.043,28.0,145.0,0.99433,3.23,0.53,10.98
731,5928,6.4,0.23,0.26,8.1,0.054000000000000006,47.0,181.0,0.9954,3.12,0.49,9.4
732,5929,6.4,0.24,0.26,8.2,0.054000000000000006,47.0,182.0,0.99538,3.12,0.5,9.5
733,5930,7.4,0.38,0.34,8.3,0.052000000000000005,44.0,168.0,0.99627,3.11,0.52,9.2
734,5931,7.3,0.19,0.27,13.9,0.057,45.0,155.0,0.99807,2.94,0.41,8.8
735,5932,7.3,0.19,0.27,13.9,0.057,45.0,155.0,0.99807,2.94,0.41,8.8
736,5933,7.3,0.19,0.27,13.9,0.057,45.0,155.0,0.99807,2.94,0.41,8.8
737,5934,7.3,0.19,0.27,13.9,0.057,45.0,155.0,0.99807,2.94,0.41,8.8
738,5935,7.3,0.19,0.27,13.9,0.057,45.0,155.0,0.99807,2.94,0.41,8.8
739,5936,7.3,0.19,0.27,13.9,0.057,45.0,155.0,0.99807,2.94,0.41,8.8
740,5937,7.3,0.19,0.27,13.9,0.057,45.0,155.0,0.99807,2.94,0.41,8.8
741,5938,6.8,0.24,0.29,2.0,0.044,15.0,96.0,0.99232,3.23,0.64,10.4
742,5939,7.3,0.19,0.27,13.9,0.057,45.0,155.0,0.99807,2.94,0.41,8.8
743,5940,7.4,0.27,0.52,15.7,0.054000000000000006,36.0,139.0,0.99788,3.04,0.62,10.0333333333333
744,5941,5.7,0.28,0.35,1.2,0.052000000000000005,39.0,141.0,0.99108,3.44,0.69,11.3
745,5942,5.8,0.22,0.25,1.5,0.024,21.0,109.0,0.99234,3.37,0.58,10.4
746,5943,6.7,0.27,0.69,1.2,0.17600000000000002,36.0,106.0,0.99288,2.96,0.43,9.2
747,5944,7.1,0.2,0.35,3.2,0.034,21.0,107.0,0.99195,3.11,0.54,11.1
748,5945,6.7,0.27,0.69,1.2,0.17600000000000002,36.0,106.0,0.99288,2.96,0.43,9.2
749,5946,7.1,0.23,0.3,2.6,0.034,62.0,148.0,0.99121,3.03,0.56,11.3
750,5947,7.6,0.31,0.52,13.2,0.042,61.0,148.0,0.99839,2.98,0.47,9.1
751,5948,7.2,0.34,0.28,10.4,0.108,43.0,187.0,0.99738,2.96,0.57,9.4
752,5949,7.0,0.36,0.25,5.7,0.015,14.0,73.0,0.98963,2.82,0.59,13.2
753,5950,6.4,0.31,0.28,2.5,0.039,34.0,137.0,0.98946,3.22,0.38,12.7
754,5951,7.3,0.28,0.35,1.6,0.054000000000000006,31.0,148.0,0.99178,3.18,0.47,10.7
755,5952,7.4,0.16,0.3,1.4,0.064,34.0,166.0,0.99136,3.11,0.42,11.433333333333302
756,5953,6.4,0.31,0.27,7.4,0.049,48.0,169.0,0.99323,3.27,0.45,11.1
757,5954,6.4,0.31,0.28,2.5,0.039,34.0,137.0,0.98946,3.22,0.38,12.7
758,5955,6.2,0.29,0.29,5.6,0.046,35.0,178.0,0.99313,3.25,0.51,10.5333333333333
759,5956,5.9,0.28,0.34,3.6,0.04,50.0,194.0,0.9912,3.31,0.52,11.6
760,5957,6.5,0.23,0.2,7.5,0.05,44.0,179.0,0.99504,3.18,0.48,9.53333333333333
761,5958,7.2,0.34,0.2,5.8,0.062,52.0,203.0,0.99461,3.17,0.44,9.8
762,5959,7.3,0.28,0.35,1.6,0.054000000000000006,31.0,148.0,0.99178,3.18,0.47,10.7
763,5960,6.5,0.2,0.33,1.5,0.039,36.0,110.0,0.99008,3.22,0.65,12.0
764,5961,6.2,0.24,0.27,2.9,0.039,30.0,123.0,0.98959,3.12,0.37,12.8
765,5962,7.1,0.31,0.25,11.2,0.048,32.0,136.0,0.99663,3.14,0.4,9.5
766,5963,6.4,0.29,0.21,9.65,0.041,36.0,119.0,0.99334,2.99,0.34,10.933333333333302
767,5964,6.3,0.19,0.33,10.1,0.063,63.0,133.0,0.99561,2.86,0.41,9.1
768,5965,5.9,0.29,0.28,3.2,0.035,16.0,117.0,0.98959,3.26,0.42,12.6
769,5966,7.1,0.31,0.25,11.2,0.048,32.0,136.0,0.99663,3.14,0.4,9.5
770,5967,6.5,0.3,0.28,11.45,0.041,29.0,109.0,0.99418,2.98,0.3,10.9
771,5968,6.4,0.29,0.21,9.65,0.041,36.0,119.0,0.99334,2.99,0.34,10.933333333333302
772,5969,6.5,0.22,0.19,4.5,0.096,16.0,115.0,0.9937,3.02,0.44,9.6
773,5970,7.0,0.23,0.28,2.7,0.053,16.0,92.0,0.99372,3.18,0.56,9.3
774,5971,7.1,0.23,0.23,3.5,0.038,23.0,112.0,0.99157,3.05,0.37,11.3666666666667
775,5972,6.1,0.26,0.28,1.7,0.043,24.0,98.0,0.98918,3.14,0.44,12.5
776,5973,6.4,0.35,0.21,2.1,0.051,46.0,171.0,0.9932,3.16,0.5,9.5
777,5974,6.0,0.32,0.32,4.8,0.041,40.0,186.0,0.99235,3.22,0.54,11.0
778,5975,6.1,0.34,0.21,5.0,0.042,17.0,133.0,0.99373,3.02,0.53,9.4
779,5976,6.5,0.13,0.27,2.6,0.035,32.0,76.0,0.9914,3.21,0.76,11.333333333333302
780,5977,6.5,0.315,0.2,6.6,0.041,9.0,126.0,0.99494,2.94,0.51,8.8
781,5978,6.1,0.34,0.21,5.0,0.042,17.0,133.0,0.99373,3.02,0.53,9.4
782,5979,5.7,0.31,0.29,7.3,0.05,33.0,143.0,0.99332,3.31,0.5,11.066666666666698
783,5980,6.4,0.3,0.27,5.0,0.058,27.0,151.0,0.99198,3.22,0.49,12.2
784,5981,7.0,0.24,0.26,1.7,0.041,31.0,110.0,0.99142,3.2,0.53,11.0
785,5982,6.5,0.13,0.27,2.6,0.035,32.0,76.0,0.9914,3.21,0.76,11.333333333333302
786,5983,6.4,0.26,0.21,8.2,0.05,51.0,182.0,0.99542,3.23,0.48,9.5
787,5984,6.4,0.26,0.21,8.2,0.05,51.0,182.0,0.99542,3.23,0.48,9.5
788,5985,6.0,0.27,0.31,5.0,0.043,54.0,170.0,0.9924,3.28,0.52,11.0
789,5986,7.1,0.21,0.33,1.2,0.039,34.0,97.0,0.99112,3.11,0.75,11.2
790,5987,6.7,0.26,0.29,7.1,0.036000000000000004,28.0,100.0,0.99534,3.08,0.36,9.3
791,5988,6.3,0.28,0.22,9.5,0.04,30.0,111.0,0.99338,3.05,0.31,10.8
792,5989,6.2,0.25,0.44,15.8,0.057,39.0,167.0,0.99804,3.14,0.51,9.2
793,5990,7.3,0.22,0.37,15.5,0.048,70.0,203.0,0.99899,3.25,0.77,9.4
794,5991,6.2,0.25,0.44,15.8,0.057,39.0,167.0,0.99804,3.14,0.51,9.2
795,5992,6.4,0.18,0.28,17.05,0.047,53.0,139.0,0.99724,3.25,0.35,10.5
796,5993,6.3,0.2,0.26,12.7,0.046,60.0,143.0,0.99526,3.26,0.35,10.8
797,5994,6.6,0.24,0.22,12.3,0.051,35.0,146.0,0.99676,3.1,0.67,9.4
798,5995,7.4,0.27,0.26,11.8,0.053,55.0,173.0,0.99699,3.11,0.6,9.8
799,5996,7.4,0.27,0.26,11.8,0.053,55.0,173.0,0.99699,3.11,0.6,9.8
800,5997,7.4,0.27,0.26,11.8,0.053,55.0,173.0,0.99699,3.11,0.6,9.8
801,5998,6.6,0.24,0.22,12.3,0.051,35.0,146.0,0.99676,3.1,0.67,9.4
802,5999,7.4,0.27,0.26,11.8,0.053,55.0,173.0,0.99699,3.11,0.6,9.8
803,6000,7.1,0.38,0.29,13.6,0.041,30.0,137.0,0.99461,3.02,0.96,12.1
804,6001,6.8,0.43,0.26,5.2,0.043,40.0,176.0,0.99116,3.17,0.41,12.3
805,6002,5.2,0.22,0.46,6.2,0.066,41.0,187.0,0.99362,3.19,0.42,9.73333333333333
806,6003,5.9,0.29,0.16,7.9,0.044,48.0,197.0,0.99512,3.21,0.36,9.4
807,6004,5.9,0.29,0.16,7.9,0.044,48.0,197.0,0.99512,3.21,0.36,9.4
808,6005,6.3,0.29,0.29,3.3,0.037000000000000005,32.0,140.0,0.9895,3.17,0.36,12.8
809,6006,6.3,0.19,0.32,2.8,0.046,18.0,80.0,0.99043,2.92,0.47,11.05
810,6007,5.7,0.29,0.16,7.9,0.044,48.0,197.0,0.99512,3.21,0.36,9.4
811,6008,6.3,0.29,0.29,3.3,0.037000000000000005,32.0,140.0,0.9895,3.17,0.36,12.8
812,6009,5.7,0.24,0.47,6.3,0.069,35.0,182.0,0.99391,3.11,0.46,9.73333333333333
813,6010,5.8,0.3,0.38,4.9,0.039,22.0,86.0,0.98963,3.23,0.58,13.1
814,6011,7.1,0.27,0.27,10.4,0.041,26.0,114.0,0.99335,3.04,0.52,11.5
815,6012,5.8,0.3,0.38,4.9,0.039,22.0,86.0,0.98963,3.23,0.58,13.1
816,6013,7.1,0.27,0.27,10.4,0.041,26.0,114.0,0.99335,3.04,0.52,11.5
817,6014,6.3,0.305,0.22,16.0,0.061,26.0,141.0,0.99824,3.08,0.5,9.1
818,6015,5.7,0.24,0.47,6.3,0.069,35.0,182.0,0.99391,3.11,0.46,9.75
819,6016,6.2,0.22,0.28,2.2,0.04,24.0,125.0,0.9917,3.19,0.48,10.5
820,6017,6.6,0.22,0.23,17.3,0.047,37.0,118.0,0.99906,3.08,0.46,8.8
821,6018,6.6,0.22,0.23,17.3,0.047,37.0,118.0,0.99906,3.08,0.46,8.8
822,6019,6.6,0.22,0.23,17.3,0.047,37.0,118.0,0.99906,3.08,0.46,8.8
823,6020,6.6,0.22,0.23,17.3,0.047,37.0,118.0,0.99906,3.08,0.46,8.8
824,6021,6.2,0.22,0.28,2.2,0.04,24.0,125.0,0.9917,3.19,0.48,10.5
825,6022,6.2,0.22,0.28,2.2,0.04,24.0,125.0,0.9917,3.19,0.48,10.5
826,6023,6.6,0.22,0.23,17.3,0.047,37.0,118.0,0.99906,3.08,0.46,8.8
827,6024,6.1,0.22,0.5,6.6,0.045,30.0,122.0,0.99415,3.22,0.49,9.9
828,6025,6.2,0.21,0.52,6.5,0.047,28.0,123.0,0.99418,3.22,0.49,9.9
829,6026,6.3,0.32,0.26,12.3,0.044,24.0,205.0,0.99611,3.11,0.58,9.9
830,6027,6.9,0.44,0.27,5.0,0.038,33.0,166.0,0.99124,3.2,0.42,12.2
831,6028,6.1,0.31,0.34,2.8,0.042,59.5,162.0,0.99179,3.27,0.47,10.8
832,6029,8.1,0.36,0.59,13.6,0.051,60.0,134.0,0.99886,2.96,0.39,8.7
833,6030,6.6,0.38,0.28,2.8,0.043,17.0,67.0,0.98924,3.21,0.47,13.2
834,6031,6.7,0.24,0.26,5.4,0.03,15.0,94.0,0.99045,3.15,0.38,12.7
835,6032,6.9,0.56,0.26,10.9,0.06,55.0,193.0,0.9969,3.21,0.44,9.4
836,6033,7.2,0.24,0.24,1.7,0.045,18.0,161.0,0.99196,3.25,0.53,11.2
837,6034,6.5,0.29,0.3,9.15,0.051,25.0,166.0,0.99339,3.24,0.56,11.333333333333302
838,6035,6.7,0.28,0.28,4.5,0.051,14.0,92.0,0.99224,3.36,0.58,11.9
839,6036,6.5,0.29,0.3,9.15,0.051,25.0,166.0,0.99339,3.24,0.56,11.35
840,6037,6.1,0.21,0.19,1.4,0.046,51.0,131.0,0.99184,3.22,0.39,10.5
841,6038,7.2,0.47,0.16,5.9,0.048,14.0,125.0,0.99428,3.09,0.49,9.8
842,6039,6.7,0.34,0.31,16.4,0.051,20.0,146.0,0.99834,3.06,0.54,9.1
843,6040,6.6,0.27,0.25,1.2,0.033,36.0,111.0,0.98918,3.16,0.37,12.4
844,6041,6.7,0.34,0.31,16.4,0.051,20.0,146.0,0.99834,3.06,0.54,9.1
845,6042,7.2,0.47,0.16,5.9,0.048,14.0,125.0,0.99428,3.09,0.49,9.8
846,6043,5.0,0.35,0.25,7.8,0.031,24.0,116.0,0.99241,3.39,0.4,11.3
847,6044,5.0,0.35,0.25,7.8,0.031,24.0,116.0,0.99241,3.39,0.4,11.3
848,6045,4.4,0.46,0.1,2.8,0.024,31.0,111.0,0.98816,3.48,0.34,13.1
849,6046,6.6,0.38,0.29,2.9,0.035,15.0,101.0,0.98916,3.04,0.37,12.5
850,6047,7.3,0.3,0.25,2.5,0.045,32.0,122.0,0.99329,3.18,0.54,10.3
851,6048,6.4,0.28,0.22,12.8,0.039,51.0,150.0,0.99535,3.23,0.43,10.7
852,6049,6.9,0.29,0.25,12.2,0.04,29.0,136.0,0.99552,3.05,0.65,10.4
853,6050,6.3,0.3,0.19,7.7,0.049,47.0,184.0,0.99514,3.22,0.48,9.5
854,6051,6.3,0.39,0.22,2.8,0.048,53.0,173.0,0.99304,3.24,0.45,9.8
855,6052,6.6,0.38,0.29,2.9,0.035,15.0,101.0,0.98916,3.04,0.37,12.5
856,6053,6.6,0.18,0.26,17.3,0.051,17.0,149.0,0.9984,3.0,0.43,9.4
857,6054,6.0,0.28,0.29,19.3,0.051,36.0,174.0,0.99911,3.14,0.5,9.0
858,6055,6.0,0.28,0.29,19.3,0.051,36.0,174.0,0.99911,3.14,0.5,9.0
859,6056,6.0,0.28,0.29,19.3,0.051,36.0,174.0,0.99911,3.14,0.5,9.0
860,6057,6.6,0.35,0.26,2.7,0.045,19.0,129.0,0.98952,3.24,0.48,13.0
861,6058,5.9,0.22,0.18,6.4,0.041,28.0,120.0,0.99403,3.27,0.5,9.9
862,6059,6.6,0.18,0.26,17.3,0.051,17.0,149.0,0.9984,3.0,0.43,9.4
863,6060,7.7,0.28,0.24,2.4,0.044,29.0,157.0,0.99312,3.27,0.56,10.6
864,6061,7.1,0.42,0.2,2.8,0.038,28.0,109.0,0.98968,3.23,0.47,13.4
865,6062,6.7,0.32,0.32,1.7,0.031,31.0,114.0,0.98946,3.12,0.35,12.5
866,6063,6.6,0.26,0.56,15.4,0.053,32.0,141.0,0.9981,3.11,0.49,9.3
867,6064,6.6,0.26,0.56,15.4,0.053,32.0,141.0,0.9981,3.11,0.49,9.3
868,6065,6.2,0.32,0.24,4.1,0.051,34.0,149.0,0.99306,3.36,0.52,11.0
869,6066,6.3,0.25,0.27,6.6,0.054000000000000006,40.0,158.0,0.99378,3.2,0.48,10.3
870,6067,6.2,0.21,0.24,1.2,0.051,31.0,95.0,0.99036,3.24,0.57,11.3
871,6068,6.4,0.23,0.27,2.1,0.042,35.0,100.0,0.99094,3.03,0.63,10.9
872,6069,4.7,0.145,0.29,1.0,0.042,35.0,90.0,0.9908,3.76,0.49,11.3
873,6070,6.2,0.2,0.28,1.1,0.039,24.0,78.0,0.9899,3.36,0.47,12.1
874,6071,7.0,0.28,0.28,1.4,0.039,12.0,83.0,0.99173,3.18,0.65,11.1
875,6072,7.1,0.36,0.2,1.6,0.271,24.0,140.0,0.99356,3.11,0.63,9.8
876,6073,5.7,0.25,0.22,9.8,0.049,50.0,125.0,0.99571,3.2,0.45,10.1
877,6074,5.7,0.22,0.33,1.9,0.036000000000000004,37.0,110.0,0.98945,3.26,0.58,12.4
878,6075,6.0,0.2,0.38,1.3,0.034,37.0,104.0,0.98865,3.11,0.52,12.7
879,6076,6.4,0.32,0.26,7.9,0.05,53.0,180.0,0.99514,3.14,0.5,9.6
880,6077,6.4,0.32,0.26,7.9,0.05,53.0,180.0,0.99514,3.14,0.5,9.6
881,6078,6.0,0.555,0.26,4.5,0.053,17.0,126.0,0.9943,3.24,0.46,9.1
882,6079,5.9,0.22,0.45,22.6,0.12,55.0,122.0,0.99636,3.1,0.35,12.8
883,6080,6.4,0.32,0.26,7.9,0.05,53.0,180.0,0.99514,3.14,0.5,9.6
884,6081,6.2,0.3,0.33,3.5,0.037000000000000005,37.0,155.0,0.98987,3.18,0.37,12.4
885,6082,5.8,0.28,0.18,1.2,0.058,7.0,108.0,0.99288,3.23,0.58,9.55
886,6083,5.8,0.555,0.26,4.5,0.053,17.0,126.0,0.9943,3.24,0.46,9.1
887,6084,6.7,0.31,0.33,2.0,0.033,12.0,74.0,0.99064,3.29,0.65,12.5
888,6085,6.4,0.15,0.25,7.8,0.05,13.0,68.0,0.99394,3.16,0.4,9.9
889,6086,6.4,0.13,0.28,0.9,0.045,32.0,87.0,0.99175,3.47,0.52,11.2
890,6087,6.7,0.48,0.49,2.9,0.03,28.0,122.0,0.98926,3.13,0.4,13.0
891,6088,6.7,0.48,0.49,2.9,0.03,28.0,122.0,0.98926,3.13,0.4,13.0
892,6089,5.8,0.3,0.33,3.5,0.033,25.0,116.0,0.99057,3.2,0.44,11.7
893,6090,6.1,0.28,0.23,4.2,0.038,13.0,95.0,0.98898,2.97,0.7,13.1
894,6091,6.0,0.19,0.37,9.7,0.032,17.0,50.0,0.9932,3.08,0.66,12.0
895,6092,6.8,0.31,0.25,10.5,0.043,30.0,165.0,0.9972,3.36,0.55,10.55
896,6093,7.5,0.24,0.29,1.1,0.046,34.0,84.0,0.9902,3.04,0.39,11.45
897,6094,6.8,0.23,0.39,16.1,0.053,71.0,194.0,0.9988,3.18,0.64,10.2
898,6095,7.5,0.24,0.29,1.1,0.046,34.0,84.0,0.9902,3.04,0.39,11.45
899,6096,6.3,0.29,0.3,8.1,0.212,60.0,150.0,0.9958,3.1,0.4,9.3
900,6097,6.8,0.2,0.25,6.2,0.052000000000000005,22.0,106.0,0.9935,3.09,0.54,10.8
901,6098,5.2,0.38,0.26,7.7,0.053,20.0,103.0,0.9925,3.27,0.45,12.2
902,6099,7.8,0.27,0.33,2.4,0.053,36.0,175.0,0.992,3.2,0.55,11.0
903,6100,6.6,0.54,0.21,16.3,0.055,41.0,182.0,0.9986,3.35,0.54,10.4
904,6101,7.1,0.25,0.31,2.3,0.05,32.0,156.0,0.9914,3.14,0.51,11.4
905,6102,5.8,0.61,0.01,8.4,0.041,31.0,104.0,0.9909,3.26,0.72,14.05
906,6103,6.5,0.32,0.23,8.5,0.051,20.0,138.0,0.9943,3.03,0.42,10.7
907,6104,6.4,0.28,0.23,6.0,0.051,50.0,162.0,0.994,3.15,0.52,10.2
908,6105,6.6,0.19,0.28,1.1,0.044,38.0,100.0,0.9904,3.22,0.69,11.2
909,6106,5.1,0.305,0.13,1.75,0.036000000000000004,17.0,73.0,0.99,3.4,0.51,12.333333333333302
910,6107,5.8,0.26,0.3,2.6,0.034,75.0,129.0,0.9902,3.2,0.38,11.5
911,6108,6.7,0.23,0.17,1.3,0.061,14.0,100.0,0.9925,3.07,0.55,9.5
912,6109,6.8,0.33,0.3,2.1,0.047,35.0,147.0,0.9886,3.24,0.56,13.4
913,6110,6.1,0.27,0.32,1.1,0.034,24.0,110.0,0.9898,3.36,0.4,12.5
914,6111,6.1,0.27,0.32,1.1,0.034,24.0,110.0,0.9898,3.36,0.4,12.5
915,6112,6.8,0.4,0.29,2.8,0.044,27.0,97.0,0.9904,3.12,0.42,11.2
916,6113,6.1,0.4,0.18,9.0,0.051,28.5,259.0,0.9964,3.19,0.5,8.8
917,6114,7.1,0.28,0.26,2.8,0.039,50.0,118.0,0.9908,3.06,0.59,11.2
918,6115,6.2,0.32,0.32,2.2,0.036000000000000004,15.0,70.0,0.9899,3.16,0.48,12.7
919,6116,6.8,0.17,0.17,5.1,0.049,26.0,82.0,0.993,3.0,0.38,9.8
920,6117,9.0,0.2,0.33,3.5,0.049,10.0,40.0,0.9944,3.14,0.36,9.8
921,6118,5.8,0.13,0.22,12.7,0.058,24.0,183.0,0.9956,3.32,0.42,11.7
922,6119,5.8,0.31,0.31,7.5,0.052000000000000005,55.0,230.0,0.9949,3.19,0.46,9.8
923,6120,6.3,0.36,0.2,2.0,0.048,48.0,191.0,0.9929,3.17,0.51,9.6
924,6121,9.0,0.2,0.33,3.5,0.049,10.0,40.0,0.9944,3.14,0.36,9.8
925,6122,6.7,0.18,0.25,14.3,0.048,79.0,149.0,0.9975,3.12,0.37,9.7
926,6123,6.6,0.16,0.25,9.8,0.049,59.5,137.0,0.995,3.16,0.38,10.0
927,6124,5.8,0.13,0.22,12.7,0.058,24.0,183.0,0.9956,3.32,0.42,11.7
928,6125,5.8,0.27,0.22,12.7,0.058,42.0,206.0,0.9946,3.32,0.38,12.3
929,6126,6.8,0.17,0.17,5.1,0.049,26.0,82.0,0.993,3.0,0.38,9.8
930,6127,6.4,0.37,0.19,3.5,0.068,18.0,101.0,0.9934,3.03,0.38,9.0
931,6128,7.3,0.26,0.53,12.7,0.047,60.5,164.5,0.9984,3.06,0.45,9.1
932,6129,7.3,0.28,0.54,12.9,0.049,62.0,162.5,0.9984,3.06,0.45,9.1
933,6130,7.3,0.28,0.54,12.9,0.049,62.0,162.5,0.9984,3.06,0.45,9.1
934,6131,5.8,0.12,0.21,1.3,0.056,35.0,121.0,0.9908,3.32,0.33,11.4
935,6132,6.1,0.25,0.18,10.5,0.049,41.0,124.0,0.9963,3.14,0.35,10.5
936,6133,6.4,0.24,0.27,1.5,0.04,35.0,105.0,0.98914,3.13,0.3,12.4
937,6134,7.3,0.26,0.53,12.7,0.047,60.5,156.0,0.9984,3.06,0.45,9.1
938,6135,7.3,0.28,0.54,12.9,0.049,62.0,152.0,0.9984,3.06,0.45,9.1
939,6136,8.3,0.18,0.37,1.2,0.049,6.0,94.0,0.9937,3.18,0.52,10.1
940,6137,7.1,0.09,0.3,6.2,0.032,24.0,134.0,0.993,2.99,0.39,10.9
941,6138,8.3,0.14,0.36,8.8,0.026,13.0,60.0,0.9956,3.13,0.35,11.05
942,6139,5.8,0.28,0.3,3.9,0.026,36.0,105.0,0.98963,3.26,0.58,12.75
943,6140,6.0,0.23,0.34,1.3,0.025,23.0,111.0,0.98961,3.36,0.37,12.7
944,6141,6.9,0.28,0.37,9.1,0.037000000000000005,16.0,76.0,0.9948,3.05,0.54,11.1
945,6142,6.9,0.28,0.37,9.1,0.037000000000000005,16.0,76.0,0.9948,3.05,0.54,11.1
946,6143,5.8,0.28,0.3,3.9,0.026,36.0,105.0,0.98963,3.26,0.58,12.75
947,6144,6.3,0.25,0.53,1.8,0.021,41.0,101.0,0.989315,3.19,0.31,13.0
948,6145,6.5,0.2,0.31,2.1,0.033,32.0,95.0,0.989435,2.96,0.61,12.0
949,6146,5.9,0.29,0.32,1.4,0.022,17.0,47.0,0.9899,3.35,0.35,11.5
950,6147,6.4,0.46,0.22,14.7,0.047,51.0,183.0,0.998275,3.39,0.6,10.5
951,6148,6.9,0.28,0.37,9.1,0.037000000000000005,16.0,76.0,0.9948,3.05,0.54,11.1
952,6149,6.8,0.23,0.33,1.9,0.047,20.0,101.0,0.9914,3.1,0.46,11.1
953,6150,7.0,0.23,0.32,1.8,0.048,25.0,113.0,0.9915,3.11,0.47,11.1
954,6151,6.4,0.55,0.26,9.6,0.027000000000000003,20.0,104.0,0.9924,3.22,0.73,13.1
955,6152,5.7,0.28,0.3,3.9,0.026,36.0,105.0,0.98963,3.26,0.58,12.75
956,6153,6.0,0.23,0.34,1.3,0.025,23.0,111.0,0.98961,3.36,0.37,12.7
957,6154,6.8,0.45,0.3,11.8,0.094,23.0,97.0,0.997,3.09,0.44,9.6
958,6155,6.1,0.2,0.4,1.9,0.028,32.0,138.0,0.9914,3.26,0.72,11.7
959,6156,6.1,0.37,0.46,12.0,0.042,61.0,210.0,0.997,3.17,0.59,9.7
960,6157,5.9,0.21,0.23,7.9,0.033,22.0,130.0,0.9944,3.38,0.59,10.9
961,6158,6.9,0.22,0.32,9.3,0.04,22.0,110.0,0.9958,3.34,0.54,10.7
962,6159,5.4,0.27,0.22,4.6,0.022,29.0,107.0,0.98889,3.33,0.54,13.8
963,6160,6.0,0.26,0.26,2.2,0.035,10.0,72.0,0.989465,3.11,0.48,12.15
964,6161,5.6,0.18,0.3,10.2,0.028,28.0,131.0,0.9954,3.49,0.42,10.8
965,6162,5.6,0.26,0.27,10.6,0.03,27.0,119.0,0.9947,3.4,0.34,10.7
966,6163,7.0,0.23,0.35,1.4,0.036000000000000004,31.0,113.0,0.9912,3.16,0.48,10.8
967,6164,5.8,0.28,0.66,9.1,0.039,26.0,159.0,0.9965,3.66,0.55,10.8
968,6165,8.6,0.36,0.26,11.1,0.03,43.5,171.0,0.9948,3.03,0.49,12.0
969,6166,5.8,0.28,0.66,9.1,0.039,26.0,159.0,0.9965,3.66,0.55,10.8
970,6167,6.4,0.3,0.27,4.4,0.055,17.0,135.0,0.9925,3.23,0.44,12.2
971,6168,6.2,0.2,0.32,2.8,0.05,17.0,126.0,0.9936,3.18,0.55,9.4
972,6169,5.8,0.29,0.15,1.1,0.029,12.0,83.0,0.9898,3.3,0.4,11.4
973,6170,5.7,0.22,0.28,1.3,0.027000000000000003,26.0,101.0,0.98948,3.35,0.38,12.5
974,6171,5.6,0.22,0.32,1.2,0.024,29.0,97.0,0.98823,3.2,0.46,13.05
975,6172,6.8,0.32,0.23,3.3,0.026,31.0,99.0,0.9896,3.1,0.4,12.4
976,6173,6.2,0.2,0.26,9.7,0.03,39.0,102.0,0.9908,3.08,0.56,12.9
977,6174,6.1,0.35,0.24,2.3,0.034,25.0,133.0,0.9906,3.34,0.59,12.0
978,6175,5.9,0.3,0.29,1.1,0.036000000000000004,23.0,56.0,0.9904,3.19,0.38,11.3
979,6176,6.3,0.15,0.34,11.4,0.05,25.0,96.0,0.99754,3.21,0.49,10.0
980,6177,4.8,0.13,0.32,1.2,0.042,40.0,98.0,0.9898,3.42,0.64,11.8
981,6178,6.0,0.2,0.26,14.7,0.045,53.0,125.0,0.998365,2.99,0.69,9.4
982,6179,5.7,0.2,0.24,13.8,0.047,44.0,112.0,0.99837,2.97,0.66,8.8
983,6180,6.0,0.27,0.26,1.3,0.038,32.0,138.0,0.99125,3.46,0.43,11.1
984,6181,6.3,0.37,0.51,6.3,0.048,35.0,146.0,0.9943,3.1,1.01,10.5
985,6182,6.4,0.23,0.37,7.9,0.05,60.0,150.0,0.99488,2.86,0.49,9.3
986,6183,5.9,0.34,0.25,2.0,0.042,12.0,110.0,0.99034,3.02,0.54,11.4
987,6184,5.0,0.33,0.23,11.8,0.03,23.0,158.0,0.99322,3.41,0.64,11.8
988,6185,5.4,0.29,0.38,1.2,0.029,31.0,132.0,0.98895,3.28,0.36,12.4
989,6186,8.0,0.33,0.35,10.0,0.035,22.0,108.0,0.99457,3.12,0.36,11.6
990,6187,6.4,0.3,0.33,5.2,0.05,30.0,137.0,0.99304,3.26,0.58,11.1
991,6188,5.4,0.29,0.38,1.2,0.029,31.0,132.0,0.98895,3.28,0.36,12.4
992,6189,6.4,0.33,0.3,7.2,0.041,42.0,168.0,0.99331,3.22,0.49,11.1
993,6190,7.0,0.33,0.78,9.9,0.042,21.0,251.0,0.99435,3.01,0.55,11.0
994,6191,6.7,0.45,0.3,5.3,0.036000000000000004,27.0,165.0,0.99122,3.12,0.46,12.2
995,6192,6.5,0.36,0.31,13.55,0.053,20.0,113.0,0.99544,3.2,0.56,11.0
996,6193,5.8,0.42,0.3,2.2,0.035,26.0,129.0,0.989,3.32,0.47,12.9
997,6194,7.1,0.39,0.3,9.9,0.037000000000000005,29.0,124.0,0.99414,3.07,0.42,10.9
998,6195,6.7,0.53,0.29,4.3,0.069,20.0,114.0,0.99014,3.22,0.59,13.4
999,6196,6.7,0.66,0.0,13.0,0.033,32.0,75.0,0.99551,3.15,0.5,10.7
1000,6197,6.5,0.36,0.31,13.55,0.053,20.0,113.0,0.99544,3.2,0.56,11.0
1001,6198,6.5,0.16,0.33,1.0,0.027000000000000003,23.0,75.0,0.9908,3.3,0.39,11.4
1002,6199,8.3,0.22,0.34,1.1,0.043,20.0,116.0,0.9927,3.0,0.47,10.2
1003,6200,6.9,0.23,0.35,6.9,0.03,45.0,116.0,0.99244,2.8,0.54,11.0
1004,6201,6.4,0.17,0.34,13.4,0.044,45.0,139.0,0.99752,3.06,0.43,9.1
1005,6202,5.0,0.33,0.18,4.6,0.032,40.0,124.0,0.99114,3.18,0.4,11.0
1006,6203,6.8,0.38,0.29,9.9,0.037000000000000005,40.0,146.0,0.99326,3.11,0.37,11.5
1007,6204,6.5,0.29,0.32,3.0,0.036000000000000004,38.0,93.0,0.9906,3.16,0.59,12.0
1008,6205,6.9,0.29,0.32,5.8,0.04,16.0,112.0,0.993,3.04,0.58,11.2
1009,6206,6.6,0.28,0.3,12.9,0.033,31.0,177.0,0.99479,3.12,0.39,11.2
1010,6207,6.2,0.36,0.27,3.2,0.032,13.0,73.0,0.98942,2.9,0.69,12.6
1011,6208,6.0,0.615,0.04,0.8,0.032,8.0,50.0,0.99036,3.14,0.4,11.0
1012,6209,5.9,0.44,0.36,2.5,0.03,12.0,73.0,0.99201,3.22,0.48,10.8
1013,6210,5.9,0.42,0.36,2.4,0.034,19.0,77.0,0.99184,3.25,0.48,10.9
1014,6211,5.8,0.34,0.21,7.2,0.041,48.0,146.0,0.99441,3.16,0.49,9.8
1015,6212,5.8,0.27,0.2,7.3,0.04,42.0,145.0,0.99442,3.15,0.48,9.8
1016,6213,7.1,0.33,0.18,6.3,0.094,27.0,166.0,0.99474,2.9,0.49,9.5
1017,6214,6.1,0.44,0.28,4.25,0.032,43.0,132.0,0.9916,3.26,0.47,11.266666666666698
1018,6215,7.3,0.28,0.37,1.2,0.039,26.0,99.0,0.99198,3.01,0.62,10.8
1019,6216,5.2,0.5,0.18,2.0,0.036000000000000004,23.0,129.0,0.98949,3.36,0.77,13.4
1020,6217,6.1,0.44,0.28,4.25,0.032,43.0,132.0,0.9916,3.26,0.47,11.3
1021,6218,6.4,0.62,0.12,4.7,0.06,33.0,196.0,0.99556,3.22,0.48,8.9
1022,6219,6.4,0.38,0.19,4.5,0.038,36.0,119.0,0.99151,3.07,0.42,11.2
1023,6220,7.5,0.305,0.38,1.4,0.047,30.0,95.0,0.99158,3.22,0.52,11.5
1024,6221,6.5,0.5,0.22,4.1,0.036000000000000004,35.0,131.0,0.9902,3.26,0.55,13.0
1025,6222,6.6,0.4,0.3,5.3,0.038,20.0,125.0,0.99204,3.36,0.73,12.6
1026,6223,6.4,0.4,0.25,4.2,0.032,15.0,91.0,0.98988,3.26,0.52,13.1
1027,6224,8.3,0.49,0.23,6.65,0.034,6.0,158.0,0.99344,3.05,0.48,11.2
1028,6225,6.3,0.3,0.91,8.2,0.034,50.0,199.0,0.99394,3.39,0.49,11.7
1029,6226,6.1,0.19,0.37,2.6,0.041,24.0,99.0,0.99153,3.18,0.5,10.9
1030,6227,6.1,0.19,0.37,2.6,0.041,24.0,99.0,0.99153,3.18,0.5,10.9
1031,6228,5.6,0.24,0.34,2.0,0.041,14.0,73.0,0.98981,3.04,0.45,11.6
1032,6229,5.7,0.25,0.32,12.2,0.041,43.0,127.0,0.99524,3.23,0.53,10.4
1033,6230,6.6,0.21,0.39,2.3,0.041,31.0,102.0,0.99221,3.22,0.58,10.9
1034,6231,6.3,0.3,0.91,8.2,0.034,50.0,199.0,0.99394,3.39,0.49,11.7
1035,6232,6.2,0.28,0.41,5.0,0.043,50.0,188.0,0.99318,3.23,0.64,10.8
1036,6233,5.8,0.29,0.38,10.7,0.038,49.0,136.0,0.99366,3.11,0.59,11.2
1037,6234,5.8,0.345,0.15,10.8,0.033,26.0,120.0,0.99494,3.25,0.49,10.0
1038,6235,6.5,0.51,0.25,1.7,0.048,39.0,177.0,0.99212,3.28,0.57,10.5666666666667
1039,6236,6.0,0.24,0.41,1.3,0.036000000000000004,42.0,118.0,0.99018,3.04,0.64,11.733333333333302
1040,6237,6.5,0.51,0.25,1.7,0.048,39.0,177.0,0.99212,3.28,0.57,10.6
1041,6238,6.9,0.54,0.26,12.7,0.049,59.0,195.0,0.99596,3.26,0.54,10.5
1042,6239,6.0,0.24,0.41,1.3,0.036000000000000004,42.0,118.0,0.99018,3.04,0.64,11.75
1043,6240,6.6,0.26,0.36,1.2,0.035,43.0,126.0,0.99094,3.01,0.63,11.4
1044,6241,5.7,0.24,0.3,1.3,0.03,25.0,98.0,0.98968,3.37,0.43,12.4
1045,6242,6.5,0.21,0.35,5.7,0.043,47.0,197.0,0.99392,3.24,0.5,10.1
1046,6243,6.8,0.29,0.22,3.4,0.035,40.0,122.0,0.99024,3.09,0.47,12.3
1047,6244,5.0,0.24,0.34,1.1,0.034,49.0,158.0,0.98774,3.32,0.32,13.1
1048,6245,5.9,0.18,0.28,1.0,0.037000000000000005,24.0,88.0,0.99094,3.29,0.55,10.65
1049,6246,5.8,0.26,0.29,1.0,0.042,35.0,101.0,0.99044,3.36,0.48,11.4
1050,6247,6.7,0.61,0.21,1.65,0.117,40.0,240.0,0.9938,3.11,0.57,9.3
1051,6248,5.7,0.695,0.06,6.8,0.042,9.0,84.0,0.99432,3.44,0.44,10.2
1052,6249,5.6,0.695,0.06,6.8,0.042,9.0,84.0,0.99432,3.44,0.44,10.2
1053,6250,5.7,0.39,0.25,4.9,0.033,49.0,113.0,0.98966,3.26,0.58,13.1
1054,6251,6.1,0.38,0.47,1.4,0.051,59.0,210.0,0.99309,3.24,0.5,9.6
1055,6252,6.3,0.36,0.28,2.5,0.035,18.0,73.0,0.98868,3.1,0.47,12.8
1056,6253,6.0,0.29,0.41,10.8,0.048,55.0,149.0,0.9937,3.09,0.59,10.966666666666699
1057,6254,6.0,0.29,0.41,10.8,0.048,55.0,149.0,0.9937,3.09,0.59,10.966666666666699
1058,6255,6.0,0.29,0.41,10.8,0.048,55.0,149.0,0.9937,3.09,0.59,10.966666666666699
1059,6256,6.0,0.29,0.41,10.8,0.048,55.0,149.0,0.9937,3.09,0.59,11.0
1060,6257,7.1,0.43,0.25,2.8,0.036000000000000004,43.0,132.0,0.98975,3.21,0.47,13.4
1061,6258,6.6,0.25,0.25,1.3,0.04,28.0,85.0,0.98984,2.87,0.48,11.2
1062,6259,6.6,0.33,0.41,2.0,0.027000000000000003,14.0,79.0,0.99063,3.27,0.63,12.4
1063,6260,8.0,0.23,0.41,1.1,0.048,35.0,150.0,0.99168,3.09,0.47,11.2
1064,6261,7.3,0.17,0.36,8.2,0.028,44.0,111.0,0.99272,3.14,0.41,12.4
1065,6262,6.0,0.17,0.33,6.0,0.036000000000000004,30.0,111.0,0.99362,3.32,0.58,10.1333333333333
1066,6263,6.1,0.16,0.34,6.1,0.034,31.0,114.0,0.99365,3.32,0.58,10.1333333333333
1067,6264,7.3,0.17,0.36,8.2,0.028,44.0,111.0,0.99272,3.14,0.41,12.4
1068,6265,6.4,0.31,0.53,8.8,0.057,36.0,221.0,0.99642,3.17,0.44,9.1
1069,6266,6.1,0.16,0.34,6.1,0.034,31.0,114.0,0.99365,3.32,0.58,10.15
1070,6267,6.0,0.17,0.33,6.0,0.036000000000000004,30.0,111.0,0.99362,3.32,0.58,10.15
1071,6268,5.9,0.44,0.33,1.2,0.049,12.0,117.0,0.99134,3.46,0.44,11.5
1072,6269,6.6,0.285,0.49,11.4,0.035,57.0,137.0,0.99732,3.08,0.54,8.9
1073,6270,4.9,0.335,0.14,1.3,0.036000000000000004,69.0,168.0,0.99212,3.47,0.46,10.4666666666667
1074,6271,4.9,0.335,0.14,1.3,0.036000000000000004,69.0,168.0,0.99212,3.47,0.46,10.4666666666667
1075,6272,6.0,0.28,0.52,6.2,0.028,37.0,104.0,0.99161,3.28,0.51,11.8
1076,6273,5.8,0.35,0.29,3.2,0.034,41.0,151.0,0.9912,3.35,0.58,11.6333333333333
1077,6274,5.7,0.21,0.37,4.5,0.04,58.0,140.0,0.99332,3.29,0.62,10.6
1078,6275,6.5,0.25,0.32,9.9,0.045,41.0,128.0,0.99636,3.18,0.52,9.6
1079,6276,6.0,0.28,0.52,6.2,0.028,37.0,104.0,0.99161,3.28,0.51,11.8
1080,6277,6.6,0.285,0.49,11.4,0.035,57.0,137.0,0.99732,3.08,0.54,8.9
1081,6278,4.7,0.335,0.14,1.3,0.036000000000000004,69.0,168.0,0.99212,3.47,0.46,10.5
1082,6279,6.8,0.63,0.04,1.3,0.058,25.0,133.0,0.99271,3.17,0.39,10.2
1083,6280,5.6,0.27,0.37,0.9,0.025,11.0,49.0,0.98845,3.29,0.33,13.1
1084,6281,6.8,0.32,0.33,0.7,0.027000000000000003,15.0,66.0,0.9899,3.11,0.31,11.8
1085,6282,6.5,0.33,0.32,1.0,0.041,39.0,120.0,0.99004,3.06,0.37,12.2
1086,6283,6.0,0.24,0.34,1.0,0.036000000000000004,52.0,184.0,0.99097,3.44,0.44,11.45
1087,6284,7.2,0.26,0.32,10.4,0.062,23.0,114.0,0.9966,3.23,0.49,10.5
1088,6285,6.8,0.63,0.04,1.3,0.058,25.0,133.0,0.99271,3.17,0.39,10.2
1089,6286,6.7,0.16,0.32,12.5,0.035,18.0,156.0,0.99666,2.88,0.36,9.0
1090,6287,6.7,0.16,0.32,12.5,0.035,18.0,156.0,0.99666,2.88,0.36,9.0
1091,6288,6.7,0.16,0.32,12.5,0.035,18.0,156.0,0.99666,2.88,0.36,9.0
1092,6289,6.7,0.16,0.32,12.5,0.035,18.0,156.0,0.99666,2.88,0.36,9.0
1093,6290,6.9,0.19,0.31,19.25,0.043,38.0,167.0,0.99954,2.93,0.52,9.1
1094,6291,6.0,0.36,0.32,1.1,0.053,26.0,173.0,0.99414,3.38,0.54,8.8
1095,6292,6.7,0.16,0.32,12.5,0.035,18.0,156.0,0.99666,2.88,0.36,9.0
1096,6293,6.9,0.19,0.31,19.25,0.043,38.0,167.0,0.99954,2.93,0.52,9.1
1097,6294,6.7,0.35,0.32,9.0,0.032,29.0,113.0,0.99188,3.13,0.65,12.9
1098,6295,6.1,0.15,0.4,1.2,0.03,19.0,84.0,0.98926,3.19,0.96,13.0
1099,6296,6.7,0.35,0.32,9.0,0.032,29.0,113.0,0.99188,3.13,0.65,12.9
1100,6297,7.0,0.27,0.74,1.3,0.173,34.0,121.0,0.99334,3.04,0.46,9.2
1101,6298,6.8,0.3,0.33,12.8,0.041,60.0,168.0,0.99659,3.1,0.56,9.8
1102,6299,6.8,0.3,0.33,12.8,0.041,60.0,168.0,0.99659,3.1,0.56,9.8
1103,6300,6.4,0.69,0.09,7.6,0.044,34.0,144.0,0.9948,3.26,0.38,10.1
1104,6301,6.4,0.69,0.09,7.6,0.044,34.0,144.0,0.9948,3.26,0.38,10.1
1105,6302,5.9,0.12,0.28,1.4,0.037000000000000005,36.0,83.0,0.99074,3.33,0.42,10.9
1106,6303,6.3,0.36,0.5,8.3,0.053,51.0,202.0,0.9955,3.2,0.51,9.6
1107,6304,5.7,0.27,0.16,9.0,0.053,32.0,111.0,0.99474,3.36,0.37,10.4
1108,6305,6.1,0.22,0.4,1.85,0.031,25.0,111.0,0.98966,3.03,0.3,11.8
1109,6306,5.6,0.205,0.16,12.55,0.051,31.0,115.0,0.99564,3.4,0.38,10.8
1110,6307,7.2,0.33,0.28,1.4,0.034,26.0,109.0,0.99246,3.28,0.57,10.6
1111,6308,5.9,0.21,0.31,1.8,0.033,45.0,142.0,0.98984,3.35,0.5,12.7
1112,6309,5.4,0.33,0.31,4.0,0.03,27.0,108.0,0.99031,3.3,0.43,12.2
1113,6310,5.4,0.205,0.16,12.55,0.051,31.0,115.0,0.99564,3.4,0.38,10.8
1114,6311,5.7,0.27,0.16,9.0,0.053,32.0,111.0,0.99474,3.36,0.37,10.4
1115,6312,6.4,0.28,0.28,3.0,0.04,19.0,98.0,0.99216,3.25,0.47,11.1
1116,6313,6.1,0.22,0.4,1.85,0.031,25.0,111.0,0.98966,3.03,0.3,11.8
1117,6314,6.7,0.15,0.32,7.9,0.034,17.0,81.0,0.99512,3.29,0.31,10.0
1118,6315,5.5,0.315,0.38,2.6,0.033,10.0,69.0,0.9909,3.12,0.59,10.8
1119,6316,4.8,0.225,0.38,1.2,0.07400000000000001,47.0,130.0,0.99132,3.31,0.4,10.3
1120,6317,5.2,0.24,0.15,7.1,0.043,32.0,134.0,0.99378,3.24,0.48,9.9
1121,6318,6.7,0.15,0.32,7.9,0.034,17.0,81.0,0.99512,3.29,0.31,10.0
1122,6319,6.6,0.27,0.32,1.3,0.044,18.0,93.0,0.99044,3.11,0.56,12.25
1123,6320,6.1,0.32,0.33,10.7,0.036000000000000004,27.0,98.0,0.99521,3.34,0.52,10.2
1124,6321,6.0,0.25,0.28,7.7,0.053,37.0,132.0,0.99489,3.06,0.5,9.4
1125,6322,6.4,0.42,0.46,8.4,0.05,58.0,180.0,0.99495,3.18,0.46,9.7
1126,6323,6.1,0.32,0.33,10.7,0.036000000000000004,27.0,98.0,0.99521,3.34,0.52,10.2
1127,6324,6.9,0.31,0.33,12.7,0.038,33.0,116.0,0.9954,3.04,0.65,10.4
1128,6325,6.3,0.48,0.48,1.8,0.035,35.0,96.0,0.99121,3.49,0.74,12.2
1129,6326,6.0,0.25,0.28,7.7,0.053,37.0,132.0,0.99489,3.06,0.5,9.4
1130,6327,7.2,0.21,0.31,10.5,0.035,36.0,122.0,0.99478,3.12,0.4,10.6
1131,6328,6.8,0.32,0.43,1.6,0.05,4.0,65.0,0.99346,3.27,0.47,10.7
1132,6329,7.9,0.3,0.6,1.85,0.048,13.0,106.0,0.99331,3.24,0.49,11.85
1133,6330,5.3,0.31,0.38,10.5,0.031,53.0,140.0,0.99321,3.34,0.46,11.7
1134,6331,5.3,0.31,0.38,10.5,0.031,53.0,140.0,0.99321,3.34,0.46,11.7
1135,6332,5.2,0.185,0.22,1.0,0.03,47.0,123.0,0.99218,3.55,0.44,10.15
1136,6333,5.5,0.16,0.31,1.2,0.026,31.0,68.0,0.9898,3.33,0.44,11.6333333333333
1137,6334,6.0,0.17,0.36,1.7,0.042,14.0,61.0,0.99144,3.22,0.54,10.8
1138,6335,6.0,0.16,0.36,1.6,0.042,13.0,61.0,0.99143,3.22,0.54,10.8
1139,6336,6.1,0.24,0.32,9.0,0.031,41.0,134.0,0.99234,3.25,0.26,12.3
1140,6337,5.5,0.3,0.25,1.9,0.029,33.0,118.0,0.98972,3.36,0.66,12.5
1141,6338,5.5,0.16,0.31,1.2,0.026,31.0,68.0,0.9898,3.33,0.44,11.65
1142,6339,6.0,0.32,0.46,1.5,0.05,56.0,189.0,0.99308,3.24,0.49,9.6
1143,6340,6.1,0.27,0.31,3.9,0.034,42.0,137.0,0.99218,3.24,0.46,10.9
1144,6341,6.0,0.27,0.32,3.6,0.035,36.0,133.0,0.99215,3.23,0.46,10.8
1145,6342,6.0,0.14,0.37,1.2,0.032,63.0,148.0,0.99185,3.32,0.44,11.2
1146,6343,5.0,0.24,0.19,5.0,0.043,17.0,101.0,0.99438,3.67,0.57,10.0
1147,6344,6.1,0.26,0.25,2.9,0.047,289.0,440.0,0.99314,3.44,0.64,10.5
1148,6345,6.3,0.23,0.5,10.4,0.043,61.0,132.0,0.99542,2.86,0.46,9.1
1149,6346,5.6,0.26,0.5,11.4,0.029,25.0,93.0,0.99428,3.23,0.49,10.5
1150,6347,6.1,0.34,0.24,18.35,0.05,33.0,184.0,0.99943,3.12,0.61,9.3
1151,6348,6.2,0.35,0.25,18.4,0.051,28.0,182.0,0.99946,3.13,0.62,9.3
1152,6349,6.0,0.14,0.37,1.2,0.032,63.0,148.0,0.99185,3.32,0.44,11.2
1153,6350,7.3,0.36,0.62,7.1,0.033,48.0,185.0,0.99472,3.14,0.62,10.6
1154,6351,5.1,0.25,0.36,1.3,0.035,40.0,78.0,0.9891,3.23,0.64,12.1
1155,6352,5.5,0.16,0.26,1.5,0.032,35.0,100.0,0.99076,3.43,0.77,12.0
1156,6353,6.4,0.19,0.35,10.2,0.043,40.0,106.0,0.99632,3.16,0.5,9.7
1157,6354,6.6,0.29,0.73,2.2,0.027000000000000003,21.0,92.0,0.99,3.12,0.48,12.4
1158,6355,6.0,0.38,0.26,3.5,0.035,38.0,111.0,0.98872,3.18,0.47,13.6
1159,6356,6.0,0.38,0.26,3.5,0.035,38.0,111.0,0.98872,3.18,0.47,13.6
1160,6357,6.5,0.2,0.35,3.9,0.04,27.0,140.0,0.99102,2.98,0.53,11.8
1161,6358,6.6,0.17,0.26,7.4,0.052000000000000005,45.0,128.0,0.99388,3.16,0.37,10.0
1162,6359,6.6,0.17,0.26,7.4,0.052000000000000005,45.0,128.0,0.99388,3.16,0.37,10.0
1163,6360,6.2,0.15,0.27,11.0,0.035,46.0,116.0,0.99602,3.12,0.38,9.1
1164,6361,5.9,0.48,0.3,1.5,0.037000000000000005,19.0,78.0,0.99057,3.47,0.42,11.9
1165,6362,5.3,0.4,0.25,3.9,0.031,45.0,130.0,0.99072,3.31,0.58,11.75
1166,6363,5.9,0.26,0.29,5.4,0.046,34.0,116.0,0.99224,3.24,0.41,11.4
1167,6364,5.2,0.3,0.34,1.5,0.038,18.0,96.0,0.98942,3.56,0.48,13.0
1168,6365,6.4,0.32,0.25,5.0,0.055,28.0,138.0,0.99171,3.27,0.5,12.4
1169,6366,6.6,0.19,0.25,1.2,0.052000000000000005,34.0,181.0,0.99352,3.3,0.42,9.4
1170,6367,6.8,0.27,0.3,13.0,0.047,69.0,160.0,0.99705,3.16,0.5,9.6
1171,6368,6.8,0.27,0.3,13.0,0.047,69.0,160.0,0.99705,3.16,0.5,9.6
1172,6369,6.8,0.27,0.3,13.0,0.047,69.0,160.0,0.99705,3.16,0.5,9.6
1173,6370,6.8,0.27,0.3,13.0,0.047,69.0,160.0,0.99705,3.16,0.5,9.6
1174,6371,6.4,0.28,0.45,8.6,0.057,47.0,223.0,0.99654,3.16,0.51,9.1
1175,6372,5.2,0.21,0.31,1.7,0.048,17.0,61.0,0.98953,3.24,0.37,12.0
1176,6373,7.1,0.24,0.34,1.2,0.045,6.0,132.0,0.99132,3.16,0.46,11.2
1177,6374,5.0,0.27,0.4,1.2,0.076,42.0,124.0,0.99204,3.32,0.47,10.1
1178,6375,5.8,0.27,0.4,1.2,0.076,47.0,130.0,0.99185,3.13,0.45,10.3
1179,6376,5.9,0.27,0.32,2.0,0.034,31.0,102.0,0.98952,3.16,0.56,12.3
1180,6377,5.8,0.315,0.19,19.4,0.031,28.0,106.0,0.99704,2.97,0.4,10.55
1181,6378,6.0,0.59,0.0,0.8,0.037000000000000005,30.0,95.0,0.99032,3.1,0.4,10.9
1182,6379,5.8,0.3,0.09,6.3,0.042,36.0,138.0,0.99382,3.15,0.48,9.7
1183,6380,5.6,0.3,0.1,6.4,0.043,34.0,142.0,0.99382,3.14,0.48,9.8
1184,6381,6.7,0.3,0.5,12.1,0.045,38.0,127.0,0.9974,3.04,0.53,8.9
1185,6382,6.7,0.3,0.5,12.1,0.045,38.0,127.0,0.9974,3.04,0.53,8.9
1186,6383,6.4,0.31,0.31,12.9,0.045,55.0,161.0,0.99546,3.02,0.59,10.2
1187,6384,6.9,0.25,0.29,2.4,0.038,28.0,76.0,0.99088,3.01,0.36,11.7
1188,6385,4.4,0.32,0.39,4.3,0.03,31.0,127.0,0.98904,3.46,0.36,12.8
1189,6386,3.9,0.225,0.4,4.2,0.03,29.0,118.0,0.989,3.57,0.36,12.8
1190,6387,6.4,0.31,0.31,12.9,0.045,55.0,161.0,0.99546,3.02,0.59,10.2
1191,6388,5.5,0.62,0.33,1.7,0.037000000000000005,24.0,118.0,0.98758,3.15,0.39,13.55
1192,6389,6.2,0.3,0.42,2.2,0.036000000000000004,28.0,128.0,0.9901,3.13,0.38,11.6
1193,6390,6.7,0.3,0.5,12.1,0.045,38.0,127.0,0.9974,3.04,0.53,8.9
1194,6391,4.7,0.785,0.0,3.4,0.036000000000000004,23.0,134.0,0.98981,3.53,0.92,13.8
1195,6392,6.0,0.31,0.32,7.4,0.175,47.0,159.0,0.9952,3.19,0.5,9.4
1196,6393,6.0,0.32,0.3,7.3,0.174,46.0,159.0,0.99519,3.18,0.49,9.4
1197,6394,6.4,0.105,0.29,1.1,0.035,44.0,140.0,0.99142,3.17,0.55,10.7
1198,6395,6.4,0.105,0.29,1.1,0.035,44.0,140.0,0.99142,3.17,0.55,10.7
1199,6396,5.7,0.33,0.32,1.4,0.043,28.0,93.0,0.9897,3.31,0.5,12.3
1200,6397,5.9,0.32,0.19,14.5,0.042,37.0,115.0,0.99684,3.16,0.43,10.3
1201,6398,6.2,0.26,0.2,8.0,0.047,35.0,111.0,0.99445,3.11,0.42,10.4
1202,6399,6.0,0.2,0.33,1.1,0.039,45.0,126.0,0.99051,3.31,0.45,11.6
1203,6400,6.4,0.105,0.29,1.1,0.035,44.0,140.0,0.99142,3.17,0.55,10.7
1204,6401,5.8,0.28,0.34,2.2,0.037000000000000005,24.0,125.0,0.98986,3.36,0.33,12.8
1205,6402,6.4,0.31,0.5,5.8,0.038,42.0,111.0,0.99189,3.18,0.53,11.9
1206,6403,6.0,0.35,0.46,0.9,0.033,9.0,65.0,0.98934,3.24,0.35,12.1
1207,6404,5.1,0.26,0.34,6.4,0.034,26.0,99.0,0.99449,3.23,0.41,9.2
1208,6405,6.6,0.28,0.09,10.9,0.051,37.0,131.0,0.99566,2.93,0.62,9.5
1209,6406,6.0,0.17,0.3,7.3,0.039,39.0,104.0,0.99252,2.91,0.57,11.0
1210,6407,7.3,0.35,0.67,8.3,0.053,10.0,100.0,0.9959,3.19,0.5,10.9
1211,6408,6.0,0.26,0.24,1.3,0.053,66.0,150.0,0.9924,3.21,0.62,10.4
1212,6409,5.4,0.375,0.4,3.3,0.054000000000000006,29.0,147.0,0.99482,3.42,0.52,9.1
1213,6410,7.0,0.17,0.42,1.0,0.075,19.0,71.0,0.99103,3.32,0.62,11.4
1214,6411,5.1,0.26,0.33,1.1,0.027000000000000003,46.0,113.0,0.98946,3.35,0.43,11.4
1215,6412,5.8,0.36,0.5,1.0,0.127,63.0,178.0,0.99212,3.1,0.45,9.7
1216,6413,5.7,0.4,0.35,5.1,0.026,17.0,113.0,0.99052,3.18,0.67,12.4
1217,6414,6.2,0.76,0.01,3.2,0.041,18.0,120.0,0.99026,3.2,0.94,13.7
1218,6415,6.1,0.41,0.2,12.6,0.032,54.0,136.0,0.99516,2.91,0.43,10.6
1219,6416,5.8,0.385,0.25,3.7,0.031,38.0,122.0,0.99128,3.2,0.63,11.2
1220,6417,6.0,0.27,0.4,1.7,0.021,18.0,82.0,0.9891,3.24,0.95,13.1333333333333
1221,6418,5.7,0.4,0.35,5.1,0.026,17.0,113.0,0.99052,3.18,0.67,12.4
1222,6419,5.8,0.36,0.5,1.0,0.127,63.0,178.0,0.99212,3.1,0.45,9.7
1223,6420,7.0,0.24,0.47,1.3,0.043,18.0,131.0,0.99176,3.19,0.45,11.0
1224,6421,6.8,0.23,0.48,1.5,0.036000000000000004,35.0,165.0,0.99162,3.18,0.45,11.3
1225,6422,6.5,0.28,0.34,4.6,0.054000000000000006,22.0,130.0,0.99193,3.2,0.46,12.0
1226,6423,6.4,0.23,0.35,10.3,0.042,54.0,140.0,0.9967,3.23,0.47,9.2
1227,6424,6.0,0.34,0.29,6.1,0.046,29.0,134.0,0.99462,3.48,0.57,10.7
1228,6425,6.0,0.34,0.29,6.1,0.046,29.0,134.0,0.99462,3.48,0.57,10.7
1229,6426,6.7,0.22,0.33,1.2,0.036000000000000004,36.0,86.0,0.99058,3.1,0.76,11.4
1230,6427,6.4,0.23,0.35,10.3,0.042,54.0,140.0,0.9967,3.23,0.47,9.2
1231,6428,6.0,0.32,0.33,9.9,0.032,22.0,90.0,0.99258,3.1,0.43,12.1
1232,6429,5.8,0.29,0.27,1.6,0.062,17.0,140.0,0.99138,3.23,0.35,11.1
1233,6430,5.8,0.38,0.26,1.1,0.058,20.0,140.0,0.99271,3.27,0.43,9.7
1234,6431,5.9,0.32,0.26,1.5,0.057,17.0,141.0,0.9917,3.24,0.36,10.7
1235,6432,5.6,0.33,0.28,1.2,0.031,33.0,97.0,0.99126,3.49,0.58,10.9
1236,6433,5.9,0.37,0.3,1.5,0.033,35.0,95.0,0.98986,3.36,0.56,12.0
1237,6434,5.6,0.295,0.26,1.1,0.035,40.0,102.0,0.99154,3.47,0.56,10.6
1238,6435,6.7,0.5,0.36,11.5,0.096,18.0,92.0,0.99642,3.11,0.49,9.6
1239,6436,6.5,0.28,0.38,7.8,0.031,54.0,216.0,0.99154,3.03,0.42,13.1
1240,6437,5.3,0.275,0.24,7.4,0.038,28.0,114.0,0.99313,3.38,0.51,11.0
1241,6438,5.2,0.405,0.15,1.45,0.038,10.0,44.0,0.99125,3.52,0.4,11.6
1242,6439,6.8,0.34,0.36,8.9,0.029,44.0,128.0,0.99318,3.28,0.35,11.95
1243,6440,5.7,0.22,0.25,1.1,0.05,97.0,175.0,0.99099,3.44,0.62,11.1
1244,6441,6.2,0.28,0.57,1.0,0.043,50.0,92.0,0.99004,3.17,0.36,11.5
1245,6442,5.6,0.34,0.25,2.5,0.046,47.0,182.0,0.99093,3.21,0.4,11.3
1246,6443,4.8,0.29,0.23,1.1,0.044,38.0,180.0,0.98924,3.28,0.34,11.9
1247,6444,6.6,0.38,0.29,2.4,0.136,15.0,93.0,0.99336,3.18,0.6,9.5
1248,6445,5.1,0.3,0.3,2.3,0.048,40.0,150.0,0.98944,3.29,0.46,12.2
1249,6446,4.4,0.54,0.09,5.1,0.038,52.0,97.0,0.99022,3.41,0.4,12.2
1250,6447,7.0,0.36,0.35,2.5,0.048,67.0,161.0,0.99146,3.05,0.56,11.1
1251,6448,6.4,0.33,0.44,8.9,0.055,52.0,164.0,0.99488,3.1,0.48,9.6
1252,6449,7.0,0.36,0.35,2.5,0.048,67.0,161.0,0.99146,3.05,0.56,11.1
1253,6450,6.4,0.33,0.44,8.9,0.055,52.0,164.0,0.99488,3.1,0.48,9.6
1254,6451,6.2,0.23,0.38,1.6,0.044,12.0,113.0,0.99176,3.3,0.73,11.4
1255,6452,5.2,0.25,0.23,1.4,0.047,20.0,77.0,0.99001,3.32,0.62,11.4
1256,6453,6.2,0.35,0.29,3.9,0.041,22.0,79.0,0.99005,3.1,0.59,12.066666666666698
1257,6454,7.1,0.23,0.39,13.7,0.058,26.0,172.0,0.99755,2.9,0.46,9.0
1258,6455,7.1,0.23,0.39,13.7,0.058,26.0,172.0,0.99755,2.9,0.46,9.0
1259,6456,7.5,0.38,0.33,9.2,0.043,19.0,116.0,0.99444,3.08,0.42,11.4
1260,6457,6.4,0.35,0.51,7.8,0.055,53.0,177.0,0.99502,3.12,0.45,9.6
1261,6458,6.0,0.43,0.34,7.6,0.045,25.0,118.0,0.99222,3.03,0.37,11.0
1262,6459,6.0,0.52,0.33,7.7,0.046,24.0,119.0,0.99224,3.04,0.38,11.0
1263,6460,5.5,0.31,0.29,3.0,0.027000000000000003,16.0,102.0,0.99067,3.23,0.56,11.2
1264,6461,5.9,0.22,0.3,1.3,0.052000000000000005,42.0,86.0,0.99069,3.31,0.47,11.55
1265,6462,6.2,0.36,0.32,4.0,0.036000000000000004,44.0,92.0,0.98936,3.2,0.5,13.3
1266,6463,6.0,0.41,0.23,1.1,0.066,22.0,148.0,0.99266,3.3,0.47,9.63333333333333
1267,6464,6.2,0.355,0.35,2.0,0.046,31.0,95.0,0.98822,3.06,0.46,13.6
1268,6465,5.7,0.41,0.21,1.9,0.048,30.0,112.0,0.99138,3.29,0.55,11.2
1269,6466,5.3,0.6,0.34,1.4,0.031,3.0,60.0,0.98854,3.27,0.38,13.0
1270,6467,5.8,0.23,0.31,4.5,0.046,42.0,124.0,0.99324,3.31,0.64,10.8
1271,6468,6.6,0.24,0.33,10.1,0.032,8.0,81.0,0.99626,3.19,0.51,9.8
1272,6469,6.1,0.32,0.28,6.6,0.021,29.0,132.0,0.99188,3.15,0.36,11.45
1273,6470,5.0,0.2,0.4,1.9,0.015,20.0,98.0,0.9897,3.37,0.55,12.05
1274,6471,6.0,0.42,0.41,12.4,0.032,50.0,179.0,0.99622,3.14,0.6,9.7
1275,6472,5.7,0.21,0.32,1.6,0.03,33.0,122.0,0.99044,3.33,0.52,11.9
1276,6473,5.6,0.2,0.36,2.5,0.048,16.0,125.0,0.99282,3.49,0.49,10.0
1277,6474,7.4,0.22,0.26,1.2,0.035,18.0,97.0,0.99245,3.12,0.41,9.7
1278,6475,6.2,0.38,0.42,2.5,0.038,34.0,117.0,0.99132,3.36,0.59,11.6
1279,6476,5.9,0.54,0.0,0.8,0.032,12.0,82.0,0.99286,3.25,0.36,8.8
1280,6477,6.2,0.53,0.02,0.9,0.035,6.0,81.0,0.99234,3.24,0.35,9.5
1281,6478,6.6,0.34,0.4,8.1,0.046,68.0,170.0,0.99494,3.15,0.5,9.53333333333333
1282,6479,6.6,0.34,0.4,8.1,0.046,68.0,170.0,0.99494,3.15,0.5,9.53333333333333
1283,6480,5.0,0.235,0.27,11.75,0.03,34.0,118.0,0.9954,3.07,0.5,9.4
1284,6481,5.5,0.32,0.13,1.3,0.037000000000000005,45.0,156.0,0.99184,3.26,0.38,10.7
1285,6482,4.9,0.47,0.17,1.9,0.035,60.0,148.0,0.98964,3.27,0.35,11.5
1286,6483,6.5,0.33,0.38,8.3,0.048,68.0,174.0,0.99492,3.14,0.5,9.6
1287,6484,6.6,0.34,0.4,8.1,0.046,68.0,170.0,0.99494,3.15,0.5,9.55
1288,6485,6.2,0.21,0.28,5.7,0.028,45.0,121.0,0.99168,3.21,1.08,12.15
1289,6486,6.2,0.41,0.22,1.9,0.023,5.0,56.0,0.98928,3.04,0.79,13.0
1290,6487,6.8,0.22,0.36,1.2,0.052000000000000005,38.0,127.0,0.9933,3.04,0.54,9.2
1291,6488,4.9,0.235,0.27,11.75,0.03,34.0,118.0,0.9954,3.07,0.5,9.4
1292,6489,6.1,0.34,0.29,2.2,0.036000000000000004,25.0,100.0,0.98938,3.06,0.44,11.8
1293,6490,5.7,0.21,0.32,0.9,0.038,38.0,121.0,0.99074,3.24,0.46,10.6
1294,6491,6.5,0.23,0.38,1.3,0.032,29.0,112.0,0.99298,3.29,0.54,9.7
1295,6492,6.2,0.21,0.29,1.6,0.039,24.0,92.0,0.99114,3.27,0.5,11.2
1296,6493,6.6,0.32,0.36,8.0,0.047,57.0,168.0,0.9949,3.15,0.46,9.6
1297,6494,6.5,0.24,0.19,1.2,0.041,30.0,111.0,0.99254,2.99,0.46,9.4
1298,6495,5.5,0.29,0.3,1.1,0.022,20.0,110.0,0.98869,3.34,0.38,12.8
1299,6496,6.0,0.21,0.38,0.8,0.02,22.0,98.0,0.98941,3.26,0.32,11.8
